Tên;Địa chỉ;Quận huyện;Phường xã;Vĩ độ;Kinh độ;Chiều cao;Kết cấu;Cấp công trình;Chất lượng;Sức chứa;Hình ảnh
Trường THCS Nguyễn Huệ;134 Quang Trung;Hải Châu;Thạch Thang;16.074138461990206;108.21613543763722;"03 tầng; 12m";Tường xây gạch, trụ BTCT, mái tôn + mái BTCT;3;Tốt;500-600;https://congdulieu.vn/cdldnfiles/nhatrubao/NTB-THCSNguyenHue.jpg
Trường MN Tiên Sa;106 Quang Trung;Hải Châu;Thạch Thang;16.074436964176744;108.2177850072796;"04 tầng; 15m";Tường xây gạch, trụ BTCT, mái tôn + mái BTCT;3;Tốt;200-300;https://congdulieu.vn/cdldnfiles/nhatrubao/NTB-MNTienSa.jpg
UBND phường Tân Chính;245 Lê Duẩn;Thanh Khê;Tân Chính;16.069708251689157;108.21164232211545;04 tầng;BTCT;3;Tốt;100;https://congdulieu.vn/cdldnfiles/nhatrubao/NTB-ubndtanchinh.jpg
Trạm y tế phường Thạc Gián;439 Lê Duẩn;Thanh Khê;Thạc Gián;16.067152004688978;108.2077129650861;02 tầng;BTCT;3;Tốt;50;https://congdulieu.vn/cdldnfiles/nhatrubao/NTB-TYTThacGian.jpg
Trường THCS Nguyễn Duy Hiệu;K478/21 Lê Duẩn;Thanh Khê;Chính Gián;16.066986965015531;108.20633900351822;02 tầng;Móng, cột dầm, sàn, mái BTCT, tường gạch xây;3;Tốt;400;https://congdulieu.vn/cdldnfiles/nhatrubao/NTB-THCSNguyenDuyHieu.jpg
Trường Tiểu học Trần Cao Vân cơ sở 1;213 Lê Duẩn;Thanh Khê;Tân Chính;16.06987763987767;108.2124054002368;03 tầng;BTCT;3;Tốt;150;https://congdulieu.vn/cdldnfiles/nhatrubao/NTB-THTranCaoVan.jpg
Trường TH Lý Tự Trọng;12 Lý Tự Trọng;Hải Châu;Thạch Thang;16.077551949485013;108.22127311210184;"04 tầng; 15m";"Tường xây gạch, trụ BTCT, mái
BTCT";3;Tốt;500-600;https://congdulieu.vn/cdldnfiles/nhatrubao/NTB-12lytutrong.jpg
Trường MN Trúc Đào;20 Lý Tự Trọng;Hải Châu;Thạch Thang;16.07722362045966;108.21896310996902;"03 tầng; 12m";"Tường xây gạch, trụ BTCT, mái tôn
+ mái BTCT";3;Tốt;50-100;https://congdulieu.vn/cdldnfiles/nhatrubao/NTB-20lytutrong.jpg
Trường THPT Hoàng Hoa Thám;63 Phạm Cự Lượng;Sơn Trà;An Hải Đông;16.0581932521767;108.2369943850919;02 tầng;BTCT;3;Tốt;500;https://congdulieu.vn/cdldnfiles/nhatrubao/NTB-63phamculuong.jpg
Trường THPT Ngô Quyền;57 Phạm Cự Lượng;Sơn Trà;An Hải Bắc;16.062233231093817;108.23578834740026;02 tầng;BTCT;3;Tốt;400;https://congdulieu.vn/cdldnfiles/nhatrubao/NTB-57phamculuong.jpg
Trường TH Hùng Vương;106/7 Huỳnh Thúc Kháng;Hải Châu;Nam Dương;16.059271588472537;108.21777424671535;03 tầng;Bê tông, cốt thép, mái đúc;3;Tốt;300 trong điều kiện bình thường;https://congdulieu.vn/cdldnfiles/nhatrubao/NTB-106.7huynhthuckhang.jpg
Trường TH Quang Trung;37 Trương Định;Sơn Trà;Mân Thái;16.089517939964416;108.24533545934754;02 tầng;BTCT;3;Tốt;500;https://congdulieu.vn/cdldnfiles/nhatrubao/NTB-37truongdinh.jpg
Trường THCS Nguyễn Thị Định;55 Yên Thế;Cẩm Lệ;Hòa An;16.05602697649841;108.17691449052312;03 tầng;BTCT;3;Tốt;200;https://congdulieu.vn/cdldnfiles/nhatrubao/NTB-55yenthe.jpg
Trường TH Trần Nhân Tông CS1;444 Thăng Long;Cẩm Lệ;Hòa Thọ Đông;16.010366316621784;108.2047798914074;02 tầng;BTCT;3;Tốt;500;https://congdulieu.vn/cdldnfiles/nhatrubao/NTB-444thanglong.jpg
Trường THCS Nguyễn Công Trứ;496 Tôn Đản;Cẩm Lệ;Hòa Phát;16.041682255493846;108.18343925890233;02 tầng;BTCT;2;Tốt;150;https://congdulieu.vn/cdldnfiles/nhatrubao/NTB-496tondan.jpg
Trường THCS Trần Quý Cáp;79/7 Cách mạng tháng 8;Cẩm Lệ;Khuê Trung;16.02120487537928;108.21348140995883;02 tầng;BTCT, mái tôn;3;Tốt;100;https://congdulieu.vn/cdldnfiles/nhatrubao/NTB-79.7cmt8.jpg
"Trường THCS Nguyễn
Trãi";191 Hải Phòng;Thanh Khê;Tân Chính;16.071377654988158;108.21209087655369;3 tầng;BTCT;III;Tốt;250;https://congdulieu.vn/cdldnfiles/nhatrubao/NTB-191haiphong.jpg
Cty CP tàu lai Cảng Đà Nẵng;02 đường 3/2;Hải Châu;Thuận Phước;16.083080193970893;108.22235977239345;3 tầng;BTCT;;Tốt;100 ~ 150;https://congdulieu.vn/cdldnfiles/nhatrubao/NTB-2duong3.2.jpg
Khách sạn Stay Hotel;119 đường 3/2;Hải Châu;Thuận Phước;"16.085967948686754	";108.21800482592226;8 tầng;BTCT;;Tốt;250 ~ 500;https://congdulieu.vn/cdldnfiles/nhatrubao/NTB-119duong3.2.jpg
Nhà thờ Thanh Đức;45 đường 3/2;Hải Châu;Thuận Phước;16.084527068736627;108.22081568076915;2 tầng;BTCT;;Tốt;150 ~ 250;https://congdulieu.vn/cdldnfiles/nhatrubao/NTB-45duong3.2.jpg
Trường THPT Thái Phiên;735 Trần Cao Vân;Thanh Khê;Thanh Khê Đông;16.068148476462255;108.1833236997189;"03 tầng, 15
 m";"Móng, trụ, dầm, sàn bằng bê
 tông cốt thép";II;Tốt;1000;https://congdulieu.vn/cdldnfiles/nhatrubao/NTB-735trancaovan.jpg
Trường TH Nguyễn Trung Trực;732 Trần Cao Vân;Thanh Khê;Xuân Hà;16.07176316080263;108.18684342798963;3 tầng;BTCT;Cấp III;Tốt;150;https://congdulieu.vn/cdldnfiles/nhatrubao/NTB-732trancaovan.jpg
Trường MN Hải Đường cơ sở 1 ;371 Trần Cao Vân (địa chỉ mới);Thanh Khê;Xuân Hà;16.070260169936493;108.19653822105806;2 tầng;BTCT;Cấp III;Tốt;100;https://congdulieu.vn/cdldnfiles/nhatrubao/NTB-371trancaovan.jpg
Trường THCS Lê Thị Hồng Gấm;371 Trần Cao Vân (địa chỉ mới);Thanh Khê;Xuân Hà;16.070141678914844;108.1961483380223;3 tầng;BTCT;Cấp III;Tốt;100;https://congdulieu.vn/cdldnfiles/nhatrubao/NTB-371atrancaovan.jpg
Nhà thờ Tam Tòa;274 Trần Cao Vân;Thanh Khê;Tam Thuận;16.07161286350755;108.20389681925909;2 tầng;"Móng, cột dầm, sàn, mái
 BTCT, tường gạch xây";III;Tốt;50;https://congdulieu.vn/cdldnfiles/nhatrubao/NTB-274trancaovan.jpg
Trường trung học cơ sở Hoàng Diệu;162 Trần Cao Vân;Thanh Khê;Tam Thuận;16.072429767776846;108.20779838873328;2 tầng;"Móng, cột dầm, sàn, mái
 BTCT, tường gạch xây";III;Tốt;250;https://congdulieu.vn/cdldnfiles/nhatrubao/NTB-162trancaovan.jpg
Trường mầm non Phong Lan cơ sở 1;236/27 Trần Cao Vân;Thanh Khê;Tam Thuận;16.072967185555537;108.20534654801097;2 tầng;"Móng, cột dầm, sàn, BTCT,
 tường gạch xây";III;Tốt;100;https://congdulieu.vn/cdldnfiles/nhatrubao/NTB-236.27trancaovan.jpg
TT Huấn luyện TDTT Quốc gia 3;43 Dũng Sỹ Thanh Khê;Thanh Khê;"	Thanh Khê Tây";16.069842217077404;108.18056840046324;4 tầng, 14 m;"Móng, cột dầm, sàn, mái
 BTCT, tường gạch xây";III;Tốt;500;https://congdulieu.vn/cdldnfiles/nhatrubao/NTB-43dungsythanhkhe.jpg
Trường Đại học TDTT;44 Dũng Sỹ Thanh Khê;Thanh Khê;"	Thanh Khê Tây";16.06971037406009;108.18106625478254;4 tầng, 13m;"Móng, cột dầm, sàn, mái
 BTCT, tường gạch xây";III;Tốt;500;https://congdulieu.vn/cdldnfiles/nhatrubao/NTB-44dungsythanhkhe.jpg
Trường Cao đẳng Thương mại;45 Dũng Sỹ Thanh Khê;Thanh Khê;"	Thanh Khê Tây";16.07209419767677;108.17847948967702;8 tầng, 12m;"Móng, cột dầm, sàn, mái
 BTCT, tường gạch xây";III;Tốt;500;https://congdulieu.vn/cdldnfiles/nhatrubao/NTB-45dungsythanhkhe.jpg
Trường THCS Nguyễn Bỉnh Khiêm;359 Tôn Đức Thắng;Liên Chiểu;Hòa Minh;16.05805852937835;108.16554133973928;4 tầng;"BTCT, mái
 BTCT";3;Đảm bảo;1;https://congdulieu.vn/cdldnfiles/nhatrubao/NTB-359tonducthang.jpg
Trường TH Nguyễn Văn Trỗi (cơ sở 2);K575/1 Tôn Đức Thắng;Liên Chiểu;"Hòa Khánh Nam	";16.065620453398974;108.1527234526469;2 tầng;"BTCT, mái
 BTCT";3;Đảm bảo;350;https://congdulieu.vn/cdldnfiles/nhatrubao/NTB-575.1tonducthang.jpg
Trường ĐH Sư Phạm ĐN;459 Tôn Đức Thắng;Liên Chiểu;"Hòa Khánh Nam	";16.062204101603488;108.15944445653697;7 tầng;"BTCT, mái
 BTCT";3;Đảm bảo;1.5;https://congdulieu.vn/cdldnfiles/nhatrubao/NTB-459tonducthang.jpg
Công ty xăng dầu khu vực V- TNHH MTV;122 đường 2/9;Hải Châu;Bình Thuận;16.055250959470868;108.22210201062262;11 tầng;BTCT;2;Tốt;1000;https://congdulieu.vn/cdldnfiles/nhatrubao/NTB-122duong2.9.jpg
Trường Anh ngữ Quốc tế (UKA);K1/2 Tôn Thất Đạm;Thanh Khê;Xuân Hà;16.072948822348895;108.2021670359512;5 tầng;BTCT;Cấp III;Tốt;150;https://congdulieu.vn/cdldnfiles/nhatrubao/NTB-1.2tonthatdam.jpg
Nhà sinh hoạt Thuận Thành B;K112/112 Trần Cao Vân;Thanh Khê;Tam Thuận;16.075163008645177;108.20802703499794;2 tầng;Móng, cột dầm, sàn, BTCT, tường gạch xây;IV;Tốt;10;https://congdulieu.vn/cdldnfiles/nhatrubao/NTB-112.96trancaovan.jpg
Trường mầm non số 2 Hòa Phong;Dương lâm 1;Hòa Vang;Hòa Phong;15.987703521412945;108.13676323110815;2 tầng;BTCT;Cấp 3;Đảm bảo;1000;https://congdulieu.vn/cdldnfiles/nhatrubao/NTB-duonglam1hoaphong2.jpg
Nhà sinh hoạt Tam Tòa 1;K119/12 Trần Cao Vân;Thanh Khê;Tam Thuận;16.071289982646704;108.20446003228426;2 tầng;Móng, cột dầm, sàn, BTCT, tường gạch xây;IV;Tốt;10;https://congdulieu.vn/cdldnfiles/nhatrubao/NTB-119.12trancaovan.jpg
Nhà sinh hoạt Tam Tòa 2;"K268/55 Trần Cao Vân	";Thanh Khê;Tam Thuận;16.073569022119045;108.20406298153102;2 tầng;Móng, cột dầm, sàn, BTCT, tường gạch xây;IV;Tốt;10;https://congdulieu.vn/cdldnfiles/nhatrubao/NTB-268.55trancaovan.jpg
Khu đường sắt 83 Trần Cao Vân;83 Trần Cao Vân;Thanh Khê;Tam Thuận;16.072733099983736;108.21091463868643;2 tầng;"Móng, cột dầm, sàn, mái
 BTCT, tường gạch xây";III;Tốt;80;https://congdulieu.vn/cdldnfiles/nhatrubao/NTB-83trancaovan.jpg
Chi cục Kiểm lâm;24 Trần Cao Vân;Thanh Khê;Tam Thuận;16.073374926206544;108.21216934292535;2 tầng;"Móng, cột dầm, sàn, BTCT,
 tường gạch xây";III;Tốt;40;https://congdulieu.vn/cdldnfiles/nhatrubao/NTB-24trancaovan.jpg
Trường Tiểu học Đinh Bộ Lĩnh cơ sở 2;268/25 Trần Cao Vân;Thanh Khê;Tam Thuận;16.072746003046632;108.20426699705422;2 tầng;"Móng, cột dầm, sàn, BTCT,
 tường gạch xây";III;Tốt;100;https://congdulieu.vn/cdldnfiles/nhatrubao/NTB-268.27trancaovan.jpg
Xí nghiệp đầu máy Sài Gòn;93 Trần Cao Vân;Thanh Khê;Tam Thuận;16.072057722218904;108.2070758964111;2 tầng;"Móng, cột dầm, sàn, mái
 BTCT, tường gạch xây";III;Tốt;40;https://congdulieu.vn/cdldnfiles/nhatrubao/NTB-93trancaovan.jpg
Nhà sinh hoạt cộng đồng Cầu Vồng;235/24 Ông Ích Khiêm;Hải Châu;Hải Châu 2;16.069050002843142;108.21445503272116;1 tầng;Bê tông, cốt thép;1;Tốt;15;https://congdulieu.vn/cdldnfiles/nhatrubao/NTB-235.24ongichkhiem.jpg
"Trường TH Trần Thị
Lý";24 Thanh Sơn;Hải Châu;Thanh Bình;16.080308243003362;108.21368530337575;03 tầng;"BTCT, mái
 đúc";3;Tốt;200;https://congdulieu.vn/cdldnfiles/nhatrubao/NTB-24thanhson.jpg
Nhà sinh hoạt Thuận Thành C;K101/01 Đinh Tiên Hoàng;Thanh Khê;Tam Thuận;16.073751944071173;108.20954617076396;1;Móng, cột dầm, sàn, BTCT, tường gạch xây;IV;Tốt;10;https://congdulieu.vn/cdldnfiles/nhatrubao/NTB-101.1dinhtienhoang.jpg
Trường tiểu học Hà Huy Tập;K285/11 Trần Cao Vân;Thanh Khê;Xuân Hà;16.07041943870397;108.19903057681806;3 tầng;BTCT;Cấp III;Tốt;150;https://congdulieu.vn/cdldnfiles/nhatrubao/NTB-285.11trancaovan.jpg
Khách sạn Lupin;171 Đường 3/2;Hải Châu;Thuận Phước;16.087190122088735;108.21561370668287;6 tầng;BTCT;;Tốt;150;https://congdulieu.vn/cdldnfiles/nhatrubao/NTB-171duong3.2.jpg
Khách sạn Phúc Lâm;175 Đường 3/2;Hải Châu;Thuận Phước;16.087275845996114;108.21538512921575;3 tầng;BTCT;;Tốt;50;https://congdulieu.vn/cdldnfiles/nhatrubao/NTB-175duong3.2.jpg
Khách sạn Bloom;204 Đường 3/2;Hải Châu;Thuận Phước;16.087283485104127;108.21605171546666;4 tầng;BTCT;;Tốt;80 ~ 100;https://congdulieu.vn/cdldnfiles/nhatrubao/NTB-204duong3.2.jpg
Khách sạn Hoàng Long;104 đường 3/2;Hải Châu;Thuận Phước;16.085826265017875;108.21901126303726;5 tầng;BTCT;;Tốt;150 ~ 300;https://congdulieu.vn/cdldnfiles/nhatrubao/NTB-104duong3.2.jpg
Khách sạn Thanh Lan 1;122 đường 3/2;Hải Châu;Thuận Phước;16.086009378081364;108.21862906610676;4 tầng;BTCT;;Tốt;50 ~ 100;https://congdulieu.vn/cdldnfiles/nhatrubao/NTB-122duong3.2.jpg
Khách sạn Thanh Lan 2;54 đường 3/2;Hải Châu;Thuận Phước;16.085040896984076;108.22065372950921;4 tầng;BTCT;;Tốt;150 ~ 200;https://congdulieu.vn/cdldnfiles/nhatrubao/NTB-54duong3.2.jpg
Khách sạn Arora;94 đường 3/2;Hải Châu;Thuận Phước;16.08568654352997;108.21930538431809;5 tầng;BTCT;;Tốt;100 ~ 150;https://congdulieu.vn/cdldnfiles/nhatrubao/NTB-94duong3.2.jpg
Trường Tiểu học Dũng Sỹ Thanh Khê;205 Dũng sỹ Thanh Khê;Thanh Khê;"	Thanh Khê Tây";16.07647216852239;108.17199042596066;2 tầng;"Móng, cột dầm, sàn, mái
 BTCT, tường gạch xây";III;Tốt;400;https://congdulieu.vn/cdldnfiles/nhatrubao/NTB-205dungsythanhkhe.jpg
Trung Tâm VHTT- HTCĐ phường HCII;227/2 Hùng Vương;Hải Châu;Hải Châu 2;16.066949097889;108.21466207641548;2 tầng;Bê tông, cốt thép;1;Tốt;50;https://congdulieu.vn/cdldnfiles/nhatrubao/NTB-227.2hungvuong.jpg
Trường tiểu học Nguyễn Bá Ngọc;430/6 Hùng Vương;Thanh Khê;Vĩnh Trung;16.06757725918557;108.21085062433767;3 tầng;"Móng, cột dầm, sàn, mái
 BTCT, tường gạch xây";III;Tốt;300;https://congdulieu.vn/cdldnfiles/nhatrubao/NTB-430.6hungvuong.jpg
Trường tiểu học Hàm Nghi;K23/1 Đỗ Quang;Thanh Khê;Vĩnh Trung;16.062393218828145;108.21187485521772;3 tầng;"Móng, cột dầm, sàn, mái
 BTCT, tường gạch xây";III;Tốt;300;https://congdulieu.vn/cdldnfiles/nhatrubao/NTB-23.1doquang.jpg
Trung tâm dạy nghề Cẩm Lệ;657 trường chinh;Cẩm Lệ;Hòa Phát;16.019992124375708;108.19444124522123;02 tầng;BTCT;2;Tốt;50;https://congdulieu.vn/cdldnfiles/nhatrubao/NTB-657truongchinh.jpg
UBND phường Thuận Phước;88 Đống Đa;Hải Châu;Thuận Phước;16.081391014158726;108.21903901174664;3 tầng;BTCT;;Tốt;100 ~ 150;https://congdulieu.vn/cdldnfiles/nhatrubao/NTB-88dongda.jpg
New Phương Đông;20 Đống Đa;Hải Châu;Thuận Phước;16.08249700628221;108.2211359962821;2 tầng;BTCT;;Tốt;250 ~ 500;https://congdulieu.vn/cdldnfiles/nhatrubao/NTB-newphuongdong.jpg
Khách Sạn New ORIENT;18 Đống Đa;Hải Châu;Thuận Phước;16.08253466383095;108.22142153394331;5 tầng;BTCT;;Tốt;400;https://congdulieu.vn/cdldnfiles/nhatrubao/NTB-neworient.jpg
Khách Sạn Blue Sky;26 Đống Đa;Hải Châu;Thuận Phước;16.082487031817436;108.22066996246576;5 tầng;BTCT;;Tốt;150;https://congdulieu.vn/cdldnfiles/nhatrubao/NTB-bluesky.jpg
Khách Sạn Bảo Ngọc;28e Đống Đa;Hải Châu;Thuận Phước;16.082340104746486;108.22035127449716;5 tầng;BTCT;;Tốt;100;https://congdulieu.vn/cdldnfiles/nhatrubao/NTB-baongocdongda.jpg
Chùa Thuận Châu;220 Đống Đa;Hải Châu;Thuận Phước;16.077931970357895;108.21672996506095;3 tầng;BTCT;;Tốt;50 ~ 100;https://congdulieu.vn/cdldnfiles/nhatrubao/NTB-chuathuanchau.jpg
Trung tâm VHTT và họ tập cộng đồng phường Bình Thuận;230 Trưng Nữ Vương;Hải Châu;Bình Thuận;16.055239979177713;108.22008800692856;03 tầng;BTCT;3;Tốt;100;https://congdulieu.vn/cdldnfiles/nhatrubao/NTB-230trungnuvuong.jpg
Chùa Hương Sơn;Tổ Dân phố số 03;Ngũ Hành Sơn;hòa Hải;16.003809962421656;108.25236797332764;2 tầng;Bê tông cốt thép;III;Không ngập nước khi có lũ;200;https://congdulieu.vn/cdldnfiles/nhatrubao/NTB-chuhuongson.jpg
Trường tiểu học Bạch Đằng;112 Trưng Nữ Vương;Hải Châu;Bình Hiên;16.058659955155694;108.22102440379734;04 tầng;Tường xây, mái đúc;;Tốt;40;https://congdulieu.vn/cdldnfiles/nhatrubao/NTB-112trungnuvuong.jpg
Trường Tiểu học Nguyễn Du;233/2 Trưng Nữ Vương;Hải Châu;Hòa Thuận;16.052738986909389;108.21868797764182;4 tầng (1000 m2);Bê tông cốt thép;1;Tốt;300;https://congdulieu.vn/cdldnfiles/nhatrubao/NTB-233trungnuvuong.jpg
Tòa Án Nhân Dân Tp. Đà Nẵng;374 Núi Thành;Hải Châu;hòa Cường Bắc;16.040116008371115;108.22177897207439;6 tầng, 30m;Bê tông;1;Tốt;500;https://congdulieu.vn/cdldnfiles/nhatrubao/NTB-374nuithanh.jpg
Tòa Án Nhân Dân Cấp Cao Tại Đà Nẵng;372 Núi Thành;Hải Châu;hòa Cường Bắc;16.041340619120685;108.22150635162757;5 tầng, 25m;Bê tông;1;Tốt;500;https://congdulieu.vn/cdldnfiles/nhatrubao/NTB-372nuithanh.jpg
Trường Mầm Non Anh Đào;543 Núi Thành;Hải Châu;hòa Cường Bắc;16.032416978850961;108.22290097363293;2-3 tầng;Tốt;3;Tốt;500;https://congdulieu.vn/cdldnfiles/nhatrubao/NTB-543nuithanh.jpg
Nhà sinh hoạt cộng đồng thôn Trường Định;Tổ 2;Hòa Vang;Hòa Liên;16.110888021066785;108.08734003454447;2 tầng;BTCT, mái BT;III;Đảm bảo;500;https://congdulieu.vn/cdldnfiles/nhatrubao/NTB-nshcdttruongdinh.jpg
Trung tâm Văn hóa Thể thao xã Hòa Sơn;An Ngãi 4;Hòa Vang;Hòa Sơn;16.068582963198423;108.10532097704709;;Bê tông cốt thép;Cấp 4;Đảm bảo;500;https://congdulieu.vn/cdldnfiles/nhatrubao/NTB-nvhhoason.jpg
Nhà Thờ Giáo Xứ An Ngãi;thôn An ngãi tây 2, đường An Ngãi 3;Hòa Vang;Hòa Sơn;16.067963959649205;108.10364199802279;;Bê tông cốt thép;Cấp 3;Đảm bảo;1000;https://congdulieu.vn/cdldnfiles/nhatrubao/NTB-anngai3.jpg
Trung tâm hỏa táng An Phước Viên;đường số 3;Hòa Vang;Hòa Sơn;16.059039998799562;108.10040499083698;;Bê tông cốt thép;Cấp 4;Đảm bảo;300;https://congdulieu.vn/cdldnfiles/nhatrubao/NTB-duongso3.jpg
Nhà thờ công giáo Lộc Hoà;Thôn Hòa Khê;Hòa Vang;Hòa Sơn;16.05837920169744;108.118868678336;;Bê tông cốt thép;Cấp 4;Đảm bảo;200;https://congdulieu.vn/cdldnfiles/nhatrubao/NTB-ntlochoa.jpg
Chùa Pháp Hoa Sơn;Thôn Hòa Khê;Hòa Vang;Hòa Sơn;16.054735975340009;108.11438399367034;;Bê tông cốt thép;Cấp 4;Đảm bảo;100;https://congdulieu.vn/cdldnfiles/nhatrubao/NTB-chuahoason.jpg
Nhà thờ Phú Thượng;đường AH1;Hòa Vang;Hòa Sơn;16.050373027101159;108.10331895947456;;Bê tông cốt thép;Cấp 4;Đảm bảo;700;https://congdulieu.vn/cdldnfiles/nhatrubao/NTB-ntphuthuong.jpg
Chùa Phước Huệ;Thôn Xuân Phú;Hòa Vang;Hòa Sơn;16.039765980094671;108.10080497525632;;Bê tông cốt thép;Cấp 4;Đảm bảo;150;https://congdulieu.vn/cdldnfiles/nhatrubao/NTB-chuaphuochue.jpg
Nhà Thờ Giáo Xứ Phú Hạ;đường AH1;Hòa Vang;Hòa Sơn;16.03249803185463;108.10648798942566;;Bê tông cốt thép;Cấp 4;Đảm bảo;500;https://congdulieu.vn/cdldnfiles/nhatrubao/NTB-ntphuha.jpg
Nhà Thờ Giáo Xứ An Ngãi Đông;đường Âu Cơ;Hòa Vang;Hòa Sơn;16.076627997681499;108.11447996646166;;Bê tông cốt thép;Cấp 3;Đảm bảo;500;https://congdulieu.vn/cdldnfiles/nhatrubao/NTB-ntanngaidong.jpg
Nhà văn hóa thôn La Châu;thôn La Châu;Hòa Vang;Hòa Khương;15.972853457651102;108.15516177470668;2 tầng;BTCT;;Đảm bảo;70;https://congdulieu.vn/cdldnfiles/nhatrubao/NTB-thonlachau.jpg
Trường giáo dưỡng số 3;đường QL14G, thôn Phú Túc;Hòa Vang;Hòa Phú;15.974429966881871;108.04660398513079;2 tầng;BTCT;Cấp 3;Đảm bảo;221;https://congdulieu.vn/cdldnfiles/nhatrubao/NTB-giaoduongso3.jpg
Trường THCS Nguyễn Phú Hường;đường ĐT605;Hòa Vang;Hòa Tiến;15.969663010910153;108.18174599669874;2 tầng;BTCT;Cấp 3;Đảm bảo;300;https://congdulieu.vn/cdldnfiles/nhatrubao/NTB-605nguyenphuhuong.jpg
UBND xã Hòa Tiến;đường 605;Hòa Vang;Hòa Tiến;15.970227501504118;108.18188920099401;2 tầng;BTCT;Cấp 3;Đảm bảo;300;https://congdulieu.vn/cdldnfiles/nhatrubao/NTB-ubndxhoatien.jpg
Trường TH Số 2 Hòa Tiến;đường ĐT605;Hòa Vang;Hòa Tiến;15.968458268163527;108.1813812905853;2 tầng;BTCT;Cấp 3;Đảm bảo;300;https://congdulieu.vn/cdldnfiles/nhatrubao/NTB-thso2hoatien.jpg
Nhà Văn Hóa Thôn Phú Sơn Nam;thôn Phú Sơn;Hòa Vang;Hòa Khương;15.940275974571705;108.13818801194429;2 tầng;BTCT;;Đảm bảo;70;https://congdulieu.vn/cdldnfiles/nhatrubao/NTB-nvhtphusonnam.jpg
Chùa Hòa Phước;đường QL1A;Hòa Vang;Hòa Phước;15.955229960381985;108.21634599007666;2 tầng;BTCT;;Đảm bảo;100;https://congdulieu.vn/cdldnfiles/nhatrubao/NTB-chuahoaphuoc.jpg
Nhà Phòng, chống thiên tai thôn Giáng Nam;thôn Giáng Nam 1;Hòa Vang;Hòa Phước;15.956067983061075;108.21981400251389;1 tầng;BTCT;;Đảm bảo;70;https://congdulieu.vn/cdldnfiles/nhatrubao/NTB-ntattgiangnam1.jpg
Trường Trung Cấp Ý Việt (Cơ sở 4);thôn 5;Hòa Vang;Hòa Khương;15.966569428378255;108.12740863535217;2 tầng;BTCT;;Đảm bảo;70;https://congdulieu.vn/cdldnfiles/nhatrubao/NTB-yvietcs4.jpg
Trường Tiểu Học Hòa Khương 2 - khu vực Phú Sơn 1;Thôn Phú Sơn 1;Hòa Vang;Hòa Khương;15.948147443812235;108.14222361845883;2 tầng;BTCT;;Đảm bảo;500;https://congdulieu.vn/cdldnfiles/nhatrubao/NTB-thhoakhuong2.jpg
Trường TH Hòa Liên 1;đường 601;Hòa Vang;Hòa Liên;16.099151009693742;108.09761297889054;2 tầng;"BTCT, mái bê
 tông,tôn";III;Đảm bảo;500;https://congdulieu.vn/cdldnfiles/nhatrubao/NTB-thhoalien1.jpg
Nhà chống bão đa năng Lộc Phước 1;K156/48 Nguyễn Phan Vinh;Sơn Trà;Thọ Quang;16.098902989178896;108.25318202376366;2 tầng;BTCT;II;Tốt;100;https://congdulieu.vn/cdldnfiles/nhatrubao/NTB-156nguyenphanvinh.jpg
Trường Chính trị Thành phố Đà Nẵng;34 Hồ Nghinh;Sơn Trà;Phước Mỹ;16.07873387280906;108.24274072176566;2 tầng;BTCT;III;Tốt;500;https://congdulieu.vn/cdldnfiles/nhatrubao/NTB-34honghinh.jpg
Trường TH Hòa Liên;Thôn Trường Định;Hòa Vang;hòa Liên;16.109430493431788;108.08901569636768;2 tầng;"BTCT, mái bê
 tông,tôn";III;Đảm bảo;500;https://congdulieu.vn/cdldnfiles/nhatrubao/NTB-thhoalienttruongdinh.jpg
Trường Tiểu học Số 2 Hòa Liên;đường 601;Hòa Vang;hòa Liên;16.0826317142562;108.0978007449236;2 tầng;"BTCT, mái bê
 tông,tôn";III;Đảm bảo;500;https://congdulieu.vn/cdldnfiles/nhatrubao/NTB-thso2hoalien.jpg
Trường Mầm non Số 2 Hòa Liên;đường Nguyễn Tất Thành ;Hòa Vang;hòa Liên;16.078255666565855;108.09592730087626;2 tầng;"BTCT, mái bê
 tông,tôn";III;Đảm bảo;500;https://congdulieu.vn/cdldnfiles/nhatrubao/NTB-mnso2hoalien.jpg
Trường THCS Trần Đại Nghĩa;Nguyễn Đức Thuận;Ngũ Hành Sơn;Khuê Mỹ;16.018445016816258;108.25102603062987;2;"Bê tông cốt
 thép";;Đảm bảo;300;https://congdulieu.vn/cdldnfiles/nhatrubao/NTB-trandainghia.jpg
Trường Mẫu giáo SOS;Kiệt 142/15 Lê Văn Hiến;Ngũ Hành Sơn;Khuê Mỹ;16.032575312369513;108.24461142396746;2;"Bê tông cốt
 thép";;Đảm bảo;100;https://congdulieu.vn/cdldnfiles/nhatrubao/NTB-142levanhien.jpg
Nhà văn hóa Đa Mặn 7;Kiệt 45 K20;Ngũ Hành Sơn;Khuê Mỹ;16.02002863471694;108.2496261123024;1;"Bê tông cốt
 thép";;Đảm bảo;50;https://congdulieu.vn/cdldnfiles/nhatrubao/NTB-nvhdaman7.jpg
Nhà sinh hoạt cộng đồng Đa Mặn 3B;đường Hoàng Văn Hòe;Ngũ Hành Sơn;Khuyê Mỹ ;16.026594992727041;108.24580200947821;1;"Bê tông cốt
 thép";;Đảm bảo;50;https://congdulieu.vn/cdldnfiles/nhatrubao/NTB-damanhoangvanhoe.jpg
Trường Mầm non số 1 Hòa Liên;Thôn Quan Nam 2;Hòa Vang;hòa Liên;16.09576779471111;108.10351578669214;2 tầng;"BTCT, mái bê
 tông,tôn";III;Đảm bảo;500;https://congdulieu.vn/cdldnfiles/nhatrubao/NTB-mamnonhoalien.jpg
Trường THPT Phạm Phú Thứ;đường 602;Hòa Vang;hòa Sơn;16.07387250643308;108.11045625620325;;Bê tông cốt thép;Cấp 4;Đảm bảo;1000;https://congdulieu.vn/cdldnfiles/nhatrubao/NTB-thptphamphutu.jpg
Trường Mầm Non Hoàng Anh mới;223 Bình Kỳ;Ngũ Hành Sơn;Hòa Quý;15.990020977333188;108.24042602442205;2;"Bê tông cốt
 thép";;Đảm bảo;250;https://congdulieu.vn/cdldnfiles/nhatrubao/NTB-223binhky.jpg
Thánh thất Cao Đài;K529 Lê Văn Hiến;Ngũ Hành Sơn;hòa Hải;16.001309939522997;108.26044723974148;2 tầng;Bê tông cốt thép;III;Không ngập nước khi có lũ;350;https://congdulieu.vn/cdldnfiles/nhatrubao/NTB-529levanhien.jpg
Trường THCS Trần Quang Khải;đường 602;Hòa Vang;hòa Sơn;16.073072830697527;108.10991097820485;;Bê tông cốt thép;Cấp 4;Đảm bảo;1000;https://congdulieu.vn/cdldnfiles/nhatrubao/NTB-thcstranquangkhai.jpg
Trường Mầm non Hòa Sơn ;đường Bàu Nghè 5;Hòa Vang;hòa Sơn;16.073056854327522;108.10871874355605;;Bê tông cốt thép;Cấp 4;Đảm bảo;500;https://congdulieu.vn/cdldnfiles/nhatrubao/NTB-hoansonbaunghe5.jpg
Trường tiêu học số 2 Hòa Sơn;đường nguyễn minh vân;Hòa Vang;hòa Sơn;16.0724732629928;108.1082035881637;;Bê tông cốt thép;Cấp 4;Đảm bảo;500;https://congdulieu.vn/cdldnfiles/nhatrubao/NTB-nguyenminhvan.jpg
Trạm Y tế xã Hoà Sơn;đường 602;Hòa Vang;Hòa Sơn ;16.07310462666025;108.11084594226193;;Bê tông cốt thép;Cấp 4;Đảm bảo;200;https://congdulieu.vn/cdldnfiles/nhatrubao/NTB-tytxahoason.jpg
UBND xã Hòa Sơn;đường 602;Hòa Vang;Hòa Sơn;16.068343995139003;108.10670399107039;;Bê tông cốt thép;Cấp 4;Đảm bảo;100;https://congdulieu.vn/cdldnfiles/nhatrubao/NTB-xahoason.jpg
Cộng đoàn Phao lô Phú Thượng;đường AH1;Hòa Vang;Hòa Sơn;16.050374573471938;108.10275588205916;;Bê tông cốt thép;Cấp 4;Đảm bảo;300;https://congdulieu.vn/cdldnfiles/nhatrubao/NTB-phaoliphutuong.jpg
Công an xã Hòa Sơn;đường Hoàng Phê;Hòa Vang;Hòa Sơn;16.0623086610203;108.0999523829161;;Bê tông cốt thép;Cấp 4;Đảm bảo;301;https://congdulieu.vn/cdldnfiles/nhatrubao/NTB-hoangphe.jpg
Trường Tiểu học Số 1 Hoà Sơn;đường AH1;Hòa Vang;hòa Sơn;16.042883964255452;108.10528895817697;;Bê tông cốt thép;Cấp 4;Đảm bảo;700;https://congdulieu.vn/cdldnfiles/nhatrubao/NTB-ths1hoason.jpg
Trường TH số 1 Hoà Nhơn (khu vực Phú Hòa);thôn Phú Hòa;Hòa Vang;hòa Nhơn;15.996242025867105;108.14409499056637;2 tầng;BTCT;3;Đảm bảo;200;https://congdulieu.vn/cdldnfiles/nhatrubao/NTB-thso1hoaphu.jpg
Trường THCS Phạm Văn Đồng;thôn phú hòa 2, tổ 2;Hòa Vang;hòa Nhơn;15.997184610332814;108.14188629112016;2 tầng;BTCT;3;Đảm bảo;200;https://congdulieu.vn/cdldnfiles/nhatrubao/NTB-thcsphamvandongph2.jpg
Trường tiểu học số 1 Hoà Nhơn;Thôn Phước Thái;Hòa Vang;hòa Nhơn;16.006621001288295;108.13352197408676;2 tầng;BTCT;3;Đảm bảo;300;https://congdulieu.vn/cdldnfiles/nhatrubao/NTB-thso1hoanhon.jpg
Trường Mầm non Hòa Nhơn;thôn Phước Thái;Hòa Vang;hòa Nhơn;16.009115958586335;108.12732196412981;2 tầng;BTCT;3;Đảm bảo;200;https://congdulieu.vn/cdldnfiles/nhatrubao/NTB-mnhoanhon.jpg
Trường Tiểu học Số 2 Hòa Nhơn, Cơ sở 2 Phụ;khu vực Phước Hưng;Hòa Vang;hòa Nhơn;16.014781035482883;108.11885599046946;2 tầng;BTCT;3;Đảm bảo;100;https://congdulieu.vn/cdldnfiles/nhatrubao/NTB-thso2hoaphuoccs2.jpg
Trường Tiểu học Số 2 Hòa Nhơn;Thôn Ninh An ;Hòa Vang;hòa Nhơn;16.006171467068473;108.11290997727008;2 tầng;BTCT;3;Đảm bảo;200;https://congdulieu.vn/cdldnfiles/nhatrubao/NTB-so2hoanhontna.jpg
Công an xã Hòa Nhơn;đường Quảng Xuân;Hòa Vang;Hòa Nhơn;16.000138018280268;108.14537800848484;2 tầng;BTCT;3;Đảm bảo;100;https://congdulieu.vn/cdldnfiles/nhatrubao/NTB-caxhoanhon.jpg
Trường Tiểu học Lâm Quang Thự;đường Quảng Xuân;Hòa Vang;Hòa Phong;15.997404009103775;108.13742601312697;2 tầng;BTCT;Cấp 3;Đảm bảo;500;https://congdulieu.vn/cdldnfiles/nhatrubao/NTB-thlamquangthu.jpg
Trường TH Lâm Quang Thự;đường 604, thôn An Tân;Hòa Vang;Hòa Phong;15.999565031379461;108.12041603028774;2 tầng;BTCT;Cấp 3;Đảm bảo;200;https://congdulieu.vn/cdldnfiles/nhatrubao/NTB-604lamquangthu.jpg
Trường Mầm non Hòa Phong;Túy Loan Đông 2;Hòa Vang;Hòa Phong;15.992536973208189;108.13736801035702;2 tầng;BTCT;Cấp 3;Đảm bảo;200;https://congdulieu.vn/cdldnfiles/nhatrubao/NTB-mnhoaphong.jpg
TRƯỜNG MẦM NON HÒA PHONG (DƯƠNG LÂM 2);thôn An Tân;Hòa Vang;Hòa Phong;15.995488069362292;108.12730630857581;1 tầng;BTCT;Cấp 3;Đảm bảo;30;https://congdulieu.vn/cdldnfiles/nhatrubao/NTB-mnhoanhoncna.jpg
Lớp mầm non số 2 Hòa Phong;Thôn Cẩm Toại Tây;Hòa Vang;Hòa Phong;15.980051038786769;108.12686800025403;2 tầng;BTCT;Cấp 3;Đảm bảo;150;https://congdulieu.vn/cdldnfiles/nhatrubao/NTB-hoaphongcamhoaitay.jpg
Trường THPT Ông Ích Khiêm;đường QL14G (TL 604);Hòa Vang;Hòa Phong;15.982834618023206;108.13513188903143;2 tầng;BTCT;Cấp 3;Đảm bảo;1500;https://congdulieu.vn/cdldnfiles/nhatrubao/NTB-thptongichkhiem.jpg
Trường THCS Trần Quốc Tuấn;đường QL14G (TL 604);Hòa Vang;Hòa Phong;15.982936763183355;108.13608849285072;2 tầng;BTCT;Cấp 3;Đảm bảo;1000;https://congdulieu.vn/cdldnfiles/nhatrubao/NTB-thcstranquoctuan.jpg
Trạm Y tế xã Hòa Phú;Thôn Đông Lâm;Hòa Vang;Hòa Phú;15.984925811660776;108.07387979971985;2 tầng;BTCT;Cấp 3;Đảm bảo;100;https://congdulieu.vn/cdldnfiles/nhatrubao/NTB-tytxahoaphu.jpg
Trường TH Hòa Phú (điểm trường Hội Phước);xã Hội Phước;Hòa Vang;Hòa Phú;15.99840497598052;108.06975999847054;2 tầng;BTCT;Cấp 3;Đảm bảo;300;https://congdulieu.vn/cdldnfiles/nhatrubao/NTB-dthoiphuochoaphu.jpg
Trường THCS Ông Ích Đường;Thôn Đồng Lâm ;Hòa Vang;hòa Phú;15.985842011868954;108.07419503107667;;;;;;https://congdulieu.vn/cdldnfiles/nhatrubao/NTB-thcsongichduong.jpg
Trạm Y tế xã Hòa Phước;đường QL1A;Hòa Vang;Hòa Phước;15.956569819744264;108.21609254594392;2 tầng;BTCT;;Đảm bảo;100;https://congdulieu.vn/cdldnfiles/nhatrubao/NTB-tyxahoaphuoc.jpg
Tiểu học Số 2 Hòa Phước;Thôn Nhơn Thọ 1;Hòa Vang;Hòa Phước;15.958476020023227;108.21336303837597;2 tầng;BTCT;;Đảm bảo;100;https://congdulieu.vn/cdldnfiles/nhatrubao/NTB-thso2hoakhuong.jpg
Trường Mầm non Hòa Phước - khu vực Nhơn Thọ 1;đường số 2 Nhơn Thọ 2;Hòa Vang;Hòa Phước;15.957703962922096;108.21310697123408;2 tầng;BTCT;;Đảm bảo;100;https://congdulieu.vn/cdldnfiles/nhatrubao/NTB-mnhophuockv1.jpg
UBND xã Hòa Phước;đường QL1A;Hòa Vang;Hòa Phước;15.958654973655939;108.21506297215819;2 tầng;BTCT;;Đảm bảo;100;https://congdulieu.vn/cdldnfiles/nhatrubao/NTB-ubxhoaphuoc.jpg
Trường THCS Nguyễn Văn Linh;Thôn Nhơn Thọ 1;Hòa Vang;Hòa Phước;15.95837501809001;108.21224103681743;2 tầng;BTCT;;Đảm bảo;200;https://congdulieu.vn/cdldnfiles/nhatrubao/NTB-thcsnguyenvanlinh.jpg
Trường THCS Trần Hưng Đạo;228 Trưng Nữ Vương;Hải Châu;Bình Thuận;16.055541979148984;108.22009898722172;04 tầng;BTCT;2;Tốt;800;https://congdulieu.vn/cdldnfiles/nhatrubao/NTB-228trungnuvuong.jpg
Trường THCS Tây Sơn;149 Núi Thành;Hải Châu;hòa Cường Bắc;16.047718981280923;108.2210479862988;3 tầng, 15m;Bê tông;2;Tốt;1000;https://congdulieu.vn/cdldnfiles/nhatrubao/NTB-149nuithanh.jpg
Trường Mầm Non Tuổi Hoa;đường Phú Thạnh 8;Liên Chiểu;hòa Minh;16.070934003219008;108.15794298425317;3 tầng;"BTCT, mái
 BTCT";3;Đảm bảo;400;https://congdulieu.vn/cdldnfiles/nhatrubao/NTB-phuthanh8.jpg
Trường THCS Đàm Quang Trung;Lô A2 - 2, đường A04, Khu đô thị Golden Hills;Liên Chiểu;hòa Hiệp Nam;16.102345017716289;108.11702102422714;2 tầng;BTCT, mái BTCT;3;Đảm bảo;800;https://congdulieu.vn/cdldnfiles/nhatrubao/NTB-loa2duonga04.jpg
Chùa Quán Thế Âm;48 Sư Vạn Hạnh;Hòa Vang;Hòa Hải ;15.998736983165145;108.25520801357925;2 tầng;Bê tông cốt thép;III;Không ngập nước khi có lũ;1;https://congdulieu.vn/cdldnfiles/nhatrubao/NTB-48suvanhanh.jpg
Trường Mầm non Ngọc Lan;Đường Ấp Bắc, Khu phố chợ Hòa Hải;Ngũ Hành Sơn;Hòa Hải;15.99341900087893;108.25752703472972;3 tầng;Bê tông cốt thép;III;Không ngập nước khi có lũ;350;https://congdulieu.vn/cdldnfiles/nhatrubao/NTB-ngoclanapbac.jpg
Trường Mầm non Hoàng Lan;đường Đông Hải 1;Ngũ Hành Sơn;Hòa Hải;15.992869986221194;108.26773803681135;2 tầng;Bê tông cốt thép;III;Không ngập nước khi có lũ;135;https://congdulieu.vn/cdldnfiles/nhatrubao/NTB-hoanganhdonghai1.jpg
Trường Mầm non Tân Trà;T70 Tân Trà;Ngũ Hành Sơn;Hòa Hải;15.984556442994771;108.27234626806394;2 tầng;Bê tông cốt thép;III;Không ngập nước khi có lũ;150;https://congdulieu.vn/cdldnfiles/nhatrubao/NTB-t70tantra.jpg
Trường mầm non Ngọc Lan;28 Nguyễn Minh Châu;Ngũ Hành Sơn;Hòa Hải;15.979198012501001;108.25175601057708;3 tầng;Bê tông cốt thép;III;Không ngập nước khi có lũ;350;https://congdulieu.vn/cdldnfiles/nhatrubao/NTB-28nguyenminhchau.jpg
Trường tiểu học Nguyễn Duy Trinh;12 Chu Cẩm Phong;Ngũ Hành Sơn;Hòa Hải;16.013784843789953;108.25181728932787;2 tầng;Bê tông cốt thép;III;Không ngập nước khi có lũ;400;https://congdulieu.vn/cdldnfiles/nhatrubao/NTB-chucamphong.jpg
Trường Tiểu học Lê Văn Hiến;đương Huỳnh Văn Nghệ;Ngũ Hành Sơn;Hòa Hải;15.982391472700147;108.2499617760373;3 tầng;Bê tông cốt thép;III;Không ngập nước khi có lũ;200;https://congdulieu.vn/cdldnfiles/nhatrubao/NTB-thlevanhien.jpg
Chùa Linh Ứng;đường Hoàng Sa;Sơn Trà;Thọ Quang;16.099955001845956;108.27966397628188;;;;;;https://congdulieu.vn/cdldnfiles/nhatrubao/NTB-chualinhung.jpg
Trường Trần Quang Diệu;4 Trần Hoành;Ngũ Hành Sơn;Khuyê Mỹ;16.025808015838265;108.24830702506006;2;"Bê tông cốt
 thép";;Đảm bảo;300;https://congdulieu.vn/cdldnfiles/nhatrubao/NTB-4tranhoanh.jpg
Trường mầm non Sen Hồng;Đường Trần Hoành;Ngũ Hành Sơn;Khuyê Mỹ;16.025908011943102;108.24734000489116;3;"Bê tông cốt
 thép";;Đảm bảo;100;https://congdulieu.vn/cdldnfiles/nhatrubao/NTB-mntranhoanh.jpg
Khoa Giáo dục Quốc phòng và An ninh, Đại học Đà Nẵng;Khu đô thị Đại Học Đà Nẵng;Ngũ Hành Sơn;Hòa Hải;15.97494077154129;108.25039446074861;4;Bê tông cốt thép;;Đảm bảo;1;https://congdulieu.vn/cdldnfiles/nhatrubao/NTB-khoaquocphong.jpg
Trường Đại học Công nghệ Thông tin và Truyền thông Việt - Hàn, Đại học Đà Nẵng;470 Trần Đại Nghĩa;Ngũ Hành Sơn;Hòa Hải;15.975061040371656;108.25360698625445;4;Bê tông cốt thép;;Đảm bảo;550;https://congdulieu.vn/cdldnfiles/nhatrubao/NTB-470trandainghia.jpg
Trường THCS Nguyễn Bỉnh Khiêm;469 Đ. Mai Đăng Chơn;Ngũ Hành Sơn;hòa Quý;15.983555009588599;108.23762403801084;2;Bê tông cốt thép;;Đảm bảo;400;https://congdulieu.vn/cdldnfiles/nhatrubao/NTB-304maidangchon.jpg
Trường TH Tô Hiến Thành;Tổ 12 đường Bình Kỳ 2;Ngũ Hành Sơn;Hòa Quý;15.99509132562478;108.24035943754751;5tầng;BTCT;II;Tốt;200;https://congdulieu.vn/cdldnfiles/nhatrubao/NTB-to12binhky2.jpg
Trường Tiểu học Phạm Hồng Thái;461 Mai Đăng Chơn;Ngũ Hành Sơn;Hòa Quý;15.984222963452339;108.23875903151929;2;"Bê tông cốt
 thép";;Đảm bảo;400;https://congdulieu.vn/cdldnfiles/nhatrubao/NTB-461maidangchon.jpg
Trường THPT Võ Chí Công;93 Cao Hồng Lãnh;Ngũ Hành Sơn;hòa Quý;15.99193699657917;108.23386701755226;2;"Bê tông cốt
 thép";;Đảm bảo;600;https://congdulieu.vn/cdldnfiles/nhatrubao/NTB-93caohonglanh.jpg
Trường mầm non Hoàng Anh;22 Phan Tốn;Ngũ Hành Sơn;hòa Quý;15.984380962327123;108.23651201091707;2;"Bê tông cốt
 thép";;Đảm bảo;250;https://congdulieu.vn/cdldnfiles/nhatrubao/NTB-22phanton.jpg
Trường Đại học Kỹ thuật Y - Dược Đà Nẵng (Cơ sở 2);đường Nam Kỳ Khởi Nghĩa;Ngũ Hành Sơn;Hòa Hải;15.978044997900724;108.24734603986144;4;"Bê tông cốt
 thép";;Đảm bảo;500;https://congdulieu.vn/cdldnfiles/nhatrubao/NTB-kythuatyduoccs2.jpg
Trường Mầm Non Vàng Anh;Hợp tác xã may mặc Hòa Quý, đường Mai Đăng Chơn;Ngũ Hành Sơn;Hòa Quý;15.967862863228017;108.23303463242715;2;"Bê tông cốt
 thép";;Đảm bảo;150;https://congdulieu.vn/cdldnfiles/nhatrubao/NTB-mnvanganh.jpg
Nhà văn hóa An Lưu;tổ 46 An Lưu;Ngũ Hành Sơn;hòa Quý;15.967343985795445;108.22080938942649;2;"Bê tông cốt
 thép";;Đảm bảo;60;https://congdulieu.vn/cdldnfiles/nhatrubao/NTB-nvhanluu.jpg
Nhà Văn hóa Chi bộ 6;đường Thổ Sơn 1;Ngũ Hành Sơn;hòa Hải;16.006275298314453;108.25734132090466;1 tầng;Bê tông cốt thép;I;Không ngập nước khi có lũ;50;https://congdulieu.vn/cdldnfiles/nhatrubao/NTB-chibo6.jpg
Nhà Văn hóa Đa Mặn 9;đường Nguyễn Đình Trân;Ngũ Hành Sơn;Khuê Mỹ;16.01889919009751;108.2560844540131;1;"Bê tông cốt
 thép";;Đảm bảo;50;https://congdulieu.vn/cdldnfiles/nhatrubao/NTB-nvhdaman9.jpg
Nhà Văn hóa Mỹ Đa Tây 2;đường Mỹ Đa Tây 14;Ngũ Hành Sơn;Khuê Mỹ;16.034633668647725;108.24193070592266;1;"Bê tông cốt
 thép";;Đảm bảo;50;https://congdulieu.vn/cdldnfiles/nhatrubao/NTB-nvhmydatay.jpg
Nhà Phòng, chống thiên tai phường Mân Thái;đường Hồ Thấu;Sơn Trà;Mân Thái;16.08321087595972;108.24633066608318;2 tầng;BTCT;III;Tốt;100;https://congdulieu.vn/cdldnfiles/nhatrubao/NTB-duonghothau.jpg
Trường THCS Huỳnh Bá Chánh;172 Nguyễn Duy Trinh;Ngũ Hành Sơn;hòa Hải;15.994784317745275;108.26379530229192;2 tầng;Bê tông cốt thép;III;Không ngập nước khi có lũ;600;https://congdulieu.vn/cdldnfiles/nhatrubao/NTB-172nguyenduytrinh.jpg
Trường TH Mai Đăng Chơn;215 Nguyễn Duy Trinh;Ngũ Hành Sơn;hòa Hải;15.993518410936376;108.26564519629397;2 tầng;Bê tông cốt thép;III;Không ngập nước khi có lũ;580;https://congdulieu.vn/cdldnfiles/nhatrubao/NTB-215nguyenduytrinh.jpg
Trường Mầm non Hòa Phước điểm trường Quá Giáng;Thôn Quá Giáng;Hòa Vang;Hòa Phước;15.963305002078414;108.20979603566229;2 tầng;BTCT;;Đảm bảo;150;https://congdulieu.vn/cdldnfiles/nhatrubao/NTB-mnhoaphuocqg.jpg
Nhà Văn Hoá Thôn Phước Hưng;đường Nối;Hòa Vang;Hòa Nhơn;16.019194319170758;108.11394316923223;;;;;;https://congdulieu.vn/cdldnfiles/nhatrubao/NTB-nvhphuochung.jpg
Chùa Pháp Lâm;574 Ông Ích Khiêm;Hải Châu;Nam Dương;16.062514943426713;108.21588727757975;2 khối 2 tầng + 1 khối 3 tầng;Bê tông cốt thép, mái tôn;2;Tốt;200 người ;https://congdulieu.vn/cdldnfiles/nhatrubao/ntb_574_ong ich khiem
Nhà văn hóa Tân Thành ;K356/47 Hoàng Diệu;Hải Châu;Bình Thuận;16.05649994062083;108.21565446981009;1 tầng ;Bê tông cốt thép ;1;Tốt ;50 người ;https://congdulieu.vn/cdldnfiles/nhatrubao/ntb_356.47_ong ich khiem
Trường mầm non Cẩm Nhung;182 Ông Ích Khiêm;Thanh Khê;Tân Chính;16.071568805837163;108.2130662689953;3 tầng ;bê tông cốt thép, tường gạch xây;3;Tốt ;200 người ;https://congdulieu.vn/cdldnfiles/nhatrubao/ntb_182_ong ich khiem
Trường trung học cơ sở Điện Biên Phủ;97 Thái thị bôi;Thanh Khê;Chính Gián;16.068231143461777;108.19899818869081;2 tầng;Móng, cột dầm, sàn, mái BTCT, tường;3;Tốt ;400 người;https://congdulieu.vn/cdldnfiles/nhatrubao/ntb_97_thaithiboi
Trường Mầm non Hoa Ngọc Lan;69 Lê Trọng Tấn;Cẩm Lệ;Hòa Phát;16.0363203507706;108.185224621082;"02 tầng; 10m";"Tường xây gạch, trụ BTCT, mái tôn
+ mái BTCT";3;Tốt;200-300;https://congdulieu.vn/cdldnfiles/nhatrubao/th_69_letrongtan.jpg
Trường Tiểu học Nguyễn Như Hạnh;406 Trường Chinh;Cẩm Lệ;Hòa An;16.0479295900237;108.183226108226;"03 tầng; 12m";"Tường xây gạch, trụ BTCT, mái tôn
+ mái BTCT";3;Tốt;500-600;https://congdulieu.vn/cdldnfiles/nhatrubao/th_406_truongchinh.jpg
Trường Mầm non Hoa Ngọc Lan cs3;1092 Trường Chinh;Cẩm Lệ;Hòa Phát;16.0235059932949;108.191840118385;"02 tầng; 10m";"Tường xây gạch, trụ BTCT, mái tôn
+ mái BTCT";3;Tốt;200-300;https://congdulieu.vn/cdldnfiles/nhatrubao/th_1092_truongchinh.jpg
Nhà sinh hoạt cộng đồng, khu dân cư số 14;658 Trường Chinh;Cẩm Lệ;Hòa Phát;16.0401460155844;108.185841981321;1 tầng ;Bê tông cốt thép ;1;Tốt ;50 người ;https://congdulieu.vn/cdldnfiles/nhatrubao/ntb_658_truongchinh.jpg
Nhà sinh hoạt cộng đồng, khu dân cư số 6;978 Trường Chinh;Cẩm Lệ;Hòa Phát;16.0294129885733;108.189422981813;1 tầng ;Bê tông cốt thép ;1;Tốt ;50 người ;https://congdulieu.vn/cdldnfiles/nhatrubao/ntb_978_truongchinh.jpg
UBND Phường Chính Gián;92 Điện Biên Phủ;Thanh Khê;Chính Gián;16.06595630812407;108.20076765353066;3 tầng ;Bê tông cốt thép, tường gạch xây;3;tốt ;150 người ;https://congdulieu.vn/cdldnfiles/nhatrubao/cqnnx_92_Điện Biên Phủ 
Trung tâm VHTT và học tập cộng đồng Phường Chính Gián;352 Điện Biên Phủ;Thanh Khê;Chính Gián;16.066073002293700;108.19249696098200;;Bê tông cốt thép;4;tốt ;100 người ;https://congdulieu.vn/cdldnfiles/nhatrubao/ntb_352_Điện Biên Phủ 
Trường TH Ngô Mây;306 Nguyễn Công Trứ;Sơn Trà;Phước Mỹ;16.0646235474209;108.242008204487;2 tầng;Bê tông cốt thép ;3;Tốt ;100 người;https://congdulieu.vn/cdldnfiles/nhatrubao/ntb_306_nguyencongtru.jpg
Nhà sinh hoạt khu dân cư Mỹ Thạnh;260 Hồ Nghinh;Sơn Trà;Phước Mỹ;16.0643279738724;108.243192974478;1 tầng;Bê tông cốt thép ;1;Tốt ;50 người ;https://congdulieu.vn/cdldnfiles/nhatrubao/ntb_260_honghinh.jpg
Trường Tiểu học Trần Quốc Toản;134 Ngô Quyền;Sơn Trà;Thọ Quang;16.0955591416177;108.244616097137;2 tầng;Bê tông cốt thép ;2;Tốt ;300 người;https://congdulieu.vn/cdldnfiles/nhatrubao/ntb_134_ngoquyen.jpg
Trường Tiểu học Tiểu La;535 Trần Nhân Tông;Sơn Trà;An Hải Bắc;16.0848925520621;108.235136717905;2 tầng;Bê tông cốt thép ;3;Tốt ;500 người;https://congdulieu.vn/cdldnfiles/nhatrubao/ntb_535_ngoquyen.jpg
Trường chính trị thành phố;34 Hồ Nghinh;Sơn Trà;Phước Mỹ;16.07888891715378;108.24254262668317;2 tầng;Bê tông cốt thép ;2;Tốt ;500 người;https://congdulieu.vn/cdldnfiles/nhatrubao/ntb_34_honghinh.jpg
Trường TH Hoàng Dư Khương;Phong Bắc 20;Cẩm Lệ;Hòa Thọ Đông;16.008536972204915;108.1936270552225;02 tầng;BTCT;3;Tốt;200;https://congdulieu.vn/cdldnfiles/nhatrubao/NTB-phongbac20.jpg
Trường THCS Nguyễn Văn Linh;02 Trần Ngọc Sương;Cẩm Lệ;Hòa Thọ Đông;16.00655283391826;108.19420129030136;02 tầng;BTCT;3;Tốt;500;https://congdulieu.vn/cdldnfiles/nhatrubao/NTB-02tranngocsuong.jpg
Trường THPT Cẩm Lệ;02 Nguyễn Thế Lịch;Cẩm Lệ;Hòa Thọ Đông;16.008249471684955;108.19546621652859;02 tầng;BTCT;3;Tốt;500;https://congdulieu.vn/cdldnfiles/nhatrubao/NTB-02nguyenthelich.jpg
Trường MN Bình Minh(cơ sở mới);82 Nguyễn Đức Thiệu;Cẩm Lệ;Hòa Thọ Đông;16.00915718177268;108.20058822918787;02 tầng;BTCT;3;Tốt;500;https://congdulieu.vn/cdldnfiles/nhatrubao/NTB-82nguyenducthieu.jpg
Trường TH Trần Nhân Tông(cũ);24 Bình Thái 1;Cẩm Lệ;Hòa Thọ Đông;16.014288859924196;108.20346638947;02 tầng;BTCT;3;Tốt;300;https://congdulieu.vn/cdldnfiles/nhatrubao/NTB-24binhthai1.jpg
Trung tâm VHTT phường Hòa Thọ Đông;21 Cẩm Bắc 11;Cẩm Lệ;Hòa Thọ Đông;16.016405029222369;108.19782097823918;2 tầng;BTCT;3;Tốt;72;https://congdulieu.vn/cdldnfiles/nhatrubao/NTB-21cambac11.jpg
Trường MN Hướng Dương CS I;27 Hà Tông Quyền;Cẩm Lệ;Khuê Trung;16.0222897537408;108.20642232227353;02 tầng;BTCT;3;Tốt;100;https://congdulieu.vn/cdldnfiles/nhatrubao/NTB-27hatongquyen.jpg
Trường Đại học Ngoại ngữ;131 Lương Nhữ Hộc;Cẩm Lệ;Khuê Trung;16.034518510770962;108.21131084422905;03 tầng;BTCT;2;Tốt;100;https://congdulieu.vn/cdldnfiles/nhatrubao/NTB-131luongnhuhoc.jpg
Ttrường THCS @ THPT Hiển Nhân;271 Tố Hữu;Cẩm Lệ;Khuê Trung;16.03328863218676;108.21076543090761;03 tầng;BTCT;2;Tốt;50;https://congdulieu.vn/cdldnfiles/nhatrubao/NTB-271tohuu.jpg
Trường Mầm Non Hướng Dương CS3;124 Nguyễn Phong Sắc:;Cẩm Lệ;Khuê Trung;16.02452689984606;108.21316575962463;02 tầng;BTCT;3;Tốt;50;https://congdulieu.vn/cdldnfiles/nhatrubao/NTB-124nguyenphongsac.jpg
Trường Tiểu học Diên Hồng;43 Đỗ Thúc Tịnh;Cẩm Lệ;Khuê Trung;16.026912933068374;108.20993367881273;02 tầng;BTCT;3;Tốt;50;https://congdulieu.vn/cdldnfiles/nhatrubao/NTB-43dothuctinh.jpg
Trường Mầm Non Hướng Dương CS2;158 Đỗ Thúc Tịnh;Cẩm Lệ;Khuê Trung;16.021743658697943;108.211865769922;02 tầng;BTCT;3;Tốt;50;https://congdulieu.vn/cdldnfiles/nhatrubao/NTB-158dothuctinh.jpg
Trường Tiểu Học Ngô Quyền;32 Lương Định Của;Cẩm Lệ;Khuê Trung;16.01630715824047;108.20859192427093;03 tầng;BTCT;3;Tốt;50;https://congdulieu.vn/cdldnfiles/nhatrubao/NTB-32luongdinhcua.jpg
Công an Phường Hoà Phát;74 Vũ Lăng;Cẩm Lệ;Hòa Phát;16.026297486771043;108.18745449900754;04 tầng;BTCT;1;Tốt;50;https://congdulieu.vn/cdldnfiles/nhatrubao/NTB-74vulang.jpg
UBND phường Hòa An;01 Hòa An 6;Cẩm Lệ;Hòa An;16.04944298279118;108.17977882452386;02 tầng;BTCT;3;Tốt;100;https://congdulieu.vn/cdldnfiles/nhatrubao/NTB-01hoaan6.jpg
Chùa Huệ Quang;02 Bùi Giáng;Cẩm Lệ;Hòa An;16.047238802827586;108.17821973735671;01 tầng;BTCT;3;Tốt;100;https://congdulieu.vn/cdldnfiles/nhatrubao/NTB-02buigiang.jpg
Chung cư Phước Lý;Khu TĐC Phước Lý - Đinh Liệt;Cẩm Lệ;Hòa An;16.04458267332328;108.17582345997981;07 tầng;BTCT;2;Tốt;300;https://congdulieu.vn/cdldnfiles/nhatrubao/NTB-khutaidinhcuphuocly.jpg
Chùa An Sơn;Tổ 71, Nhơn hòa 7;Cẩm Lệ;Hòa An;16.04633752402683;108.17346865895857;01 tầng;BTCT;3;Tốt;100;https://congdulieu.vn/cdldnfiles/nhatrubao/NTB-to71nhonhoa7.jpg
Trường TH Tôn Đức Thắng CS2;104 Nguyễn Công Hoan;Cẩm Lệ;Hòa An;16.05436725128649;108.1750967963681;02 tầng;BTCT;3;Tốt;120;https://congdulieu.vn/cdldnfiles/nhatrubao/NTB-104nguyenconghoan.jpg
Trường TH Tôn Đức Thắng CS1;Tổ 65, Đinh Liệt;Cẩm Lệ;Hòa An;16.042769542407104;108.17623718591412;03 tầng;BTCT;3;Tốt;350;https://congdulieu.vn/cdldnfiles/nhatrubao/NTB-to65dinhliet.jpg
Trường Cao đẳng Nghề Nguyễn Văn Trỗi;69 Đoàn Hữu Trưng;Cẩm Lệ;Hòa An;16.052330433995817;108.17872281704572;04 tầng;BTCT;2;Tốt;200;https://congdulieu.vn/cdldnfiles/nhatrubao/NTB-69doanhuutrung.jpg
Trường Mầm non – Tiểu học – THCS Đức Trí;324 Phan Châu Trinh;Hải Châu;Bình Thuận;16.056852524403087;108.21866737533954;04 tầng;BTCT;2;Tốt;1000;https://congdulieu.vn/cdldnfiles/nhatrubao/NTB-324phanchautrinh.jpg
Tổng Công ty cổ phần xây dựng điện Việt Nam;344 Phan Châu Trinh;Hải Châu;Bình Thuận;16.055193478572384;108.21870026214758;02 tầng;BTCT;3;Tốt;100;https://congdulieu.vn/cdldnfiles/nhatrubao/NTB-344phanchautrinh.jpg
Trường TH Tây Hồ;44 Hoàng Văn Thụ;Hải Châu;Phước Ninh;16.063266725785624;108.22106457024366;3 tầng;BTCT;1;Tốt;400;https://congdulieu.vn/cdldnfiles/nhatrubao/NTB-44hoangvanthu.jpg
Trường THCS Trưng Vương;88 Yên Bái;Hải Châu;Hải Châu I;16.067098827359654;108.22226326678378;3 tầng;BTCT;1;Tốt;1200;https://congdulieu.vn/cdldnfiles/nhatrubao/NTB-88yenbai.jpg
Nhà sinh hoạt nhân dân khu vực Trung Tạm 2;01 Phạm Ngũ Lão;Hải Châu;Hải Châu II;16.067263938956977;108.21507794169842;2 tầng;BTCT;1;Tốt;10;https://congdulieu.vn/cdldnfiles/nhatrubao/NTB-01phamngulao.jpg
UBND Phường Hải Châu II;38 Triệu Nữ Vương;Hải Châu;Hải Châu II;16.066100471073295;108.21600447791529;4 tầng;BTCT;1;Tốt;100;https://congdulieu.vn/cdldnfiles/nhatrubao/NTB-38trieunuvuong.jpg
Nhà sinh hoạt cộng đồng Nam Vinh;68a Triệu Nữ Vương;Hải Châu;Hải Châu II;16.06500556846816;108.21623381170347;2 tầng;BTCT;1;Tốt;50;https://congdulieu.vn/cdldnfiles/nhatrubao/NTB-68atrieunuvuong.jpg
Trường MN Trí Nhân-CS2;296 Nhơn Hoà 5;Cẩm Lệ;Hòa An;16.046791456718914;108.17216520636818;02 tầng;BTCT;3;Tốt;300;https://congdulieu.vn/cdldnfiles/nhatrubao/NTB-296nhonhoa5.jpg
Trường TH Lê Lai;118 Lê Lai;Hải Châu;Thạch Thang;16.075202944542774;108.21640161861333;04 tầng;BTCT;3;Tốt;400;https://congdulieu.vn/cdldnfiles/nhatrubao/NTB-118lelai.jpg
Trạm y tế phường Thuận Phước;10 Phan Kế Bính;Hải Châu;Thuận Phước;16.08239513426107;108.21958604466782;02 tầng;BTCT;3;Tốt;100;https://congdulieu.vn/cdldnfiles/nhatrubao/NTB-10phankebinh.jpg
Cảng vụ hàng hải Đà Nẵng;04 Đức Lợi 3;Hải Châu;Thuận Phước;16.084203120249935;108.22218666358805;4 tầng;BTCT;2;Tốt;150;https://congdulieu.vn/cdldnfiles/nhatrubao/NTB-4ducloi3.jpg
Ban chỉ huy biên phòng Cửa khẩu cảng Đà Nẵng;06 Đức lợi 3;Hải Châu;Thuận Phước;16.083960987255487;108.22204874013183;3 tầng;BTCT;1;Tốt;150;https://congdulieu.vn/cdldnfiles/nhatrubao/NTB-6ducloi3.jpg
Trường TH Võ Thị Sáu;01 Võ Thị Sáu;Hải Châu;Thuận Phước;16.086385658269325;108.21822505915874;3 tầng;BTCT;1;Tốt;250;https://congdulieu.vn/cdldnfiles/nhatrubao/NTB-1vothisau.jpg
Khách sạn Thái Bình;51 Xuân Diệu;Hải Châu;Thuận Phước;16.087617212727935;108.22013348909724;5 tầng;BTCT;1;Tốt;150;https://congdulieu.vn/cdldnfiles/nhatrubao/NTB-51xuandieu.jpg
Trạm biên phòng Cửa khẩu cảng sông Hàn;57 Xuân Diệu;Hải Châu;Thuận Phước;16.08827928989782;108.21978167822537;2 tầng;BTCT;3;Tốt;50;https://congdulieu.vn/cdldnfiles/nhatrubao/NTB-57xuandieu.jpg
Cơ quan điều tra hình sự khu vực II;61 Xuân Diệu;Hải Châu;Thuận Phước;16.088511368591536;108.21966956421191;2 tầng;BTCT;3;Tốt;100;https://congdulieu.vn/cdldnfiles/nhatrubao/NTB-61xuandieu.jpg
Khách sạn Night Sky;65 Xuân Diệu;Hải Châu;Thuận Phước;16.088757677920384;108.2195116514802;7 tầng;BTCT;;Tốt;200;https://congdulieu.vn/cdldnfiles/nhatrubao/NTB-65xuandieu.jpg
Đội phản ứng nhanh cảnh sát 113;69 Xuân Diệu;Hải Châu;Thuận Phước;16.08895657044949;108.21940264013105;2 tầng;BTCT;;Tốt;100;https://congdulieu.vn/cdldnfiles/nhatrubao/NTB-69xuandieu.jpg
Nhà sinh hoạt cộng đồng & khu vui chơi trẻ em phường Thuận Phước;97 Nguyễn Đức Cảnh;Hải Châu;Thuận Phước;16.089049440288;108.2185770307563;1 tầng;BTCT;;Tốt;50;https://congdulieu.vn/cdldnfiles/nhatrubao/NTB-97nguyenduccanh.jpg
Trung tâm giáo xứ Ngọc Quang;01 Xuân Tâm;Hải Châu;Thuận Phước;16.089734314571817;108.21581187131433;2 tầng;BTCT;;Tốt;150;https://congdulieu.vn/cdldnfiles/nhatrubao/NTB-1xuantam.jpg
Apartment;03 Xuân Tâm;Hải Châu;Thuận Phước;16.08944893057619;108.2157901369662;5 tầng;BTCT;;Tốt;100;https://congdulieu.vn/cdldnfiles/nhatrubao/NTB-3xuantam.jpg
Trung tâm Văn hóa phường Tân Chính;85 Hoàng Hoa Thám;Thanh Khê;Tân Chính;16.068380917516247;108.21012263319155;2 Tầng;BTCT;3;Tốt;50;https://congdulieu.vn/cdldnfiles/nhatrubao/NTB-85hoanghoatham.jpg
Trường TH Trần Cao Vân - CS 2;70 Hoàng Hoa Thám;Thanh Khê;Tân Chính;16.068294308725964;108.20982652472586;2 tầng;BTCT;3;Tốt;50;https://congdulieu.vn/cdldnfiles/nhatrubao/NTB-70hoanghoatham.jpg
Trường TH Trần Cao Vân - CS 3;16 Hoàng Hoa Thám;Thanh Khê;Tân Chính;16.070330445646334;108.20936151013413;4 tầng;BTCT;3;Tốt;300;https://congdulieu.vn/cdldnfiles/nhatrubao/NTB-16hoanghoatham.jpg
Trường THCS Lê Thánh Tôn;85 Hàn Mặc Tử;Hải Châu;Thuận Phước;16.085336444130654;108.21731498339186;3 tầng;BTCT;;Tốt;150;https://congdulieu.vn/cdldnfiles/nhatrubao/NTB-85hanmactu.jpg
Trường MN Bình Minh;119 Huỳnh Lý;Hải Châu;Thuận Phước;16.087636009134677;108.21654290523296;3 tầng;BTCT;;Tốt;150;https://congdulieu.vn/cdldnfiles/nhatrubao/NTB-119huynhly.jpg
Trường TH Đoàn Thị Điểm;05 Thanh Tân;Thanh Khê;Thanh Khê Đông;16.068769321717927;108.18509684283269;3 tầng;BTCT;2;Tốt;800;https://congdulieu.vn/cdldnfiles/nhatrubao/NTB-05thanhtan.jpg
Trường THCS Phan Đình Phùng;26 Thanh Tân;Thanh Khê;Thanh Khê Đông;16.06832992809106;108.18441046097581;3 tầng;BTCT;2;Tốt;600;https://congdulieu.vn/cdldnfiles/nhatrubao/NTB-26thanhtan.jpg
Trường CĐ Giao thông vận tải;50 Thanh Tân;Thanh Khê;Thanh Khê Đông;16.067972338779786;108.18610564221616;3 tầng;BTCT;3;Tốt;700;https://congdulieu.vn/cdldnfiles/nhatrubao/NTB-50thanhtan.jpg
Trường MN Tuổi Hoa;1 Phần lăng 14;Thanh Khê;Hòa Khê;16.05483644422304;108.18900748322163;3 tầng;BTCT;3;Tốt;200;https://congdulieu.vn/cdldnfiles/nhatrubao/NTB-1phanlang14.jpg
Nhà văn hoá Bình An;K4/1 Trần Đức Thảo;Hải Châu;Hòa Cường Nam;16.035116211442226;108.21528183187444;1 tầng;Xi măng;3;Tốt;70;https://congdulieu.vn/cdldnfiles/nhatrubao/NTB-K4.1tranducthao.jpg
Trường MN Anh Đào CS1;80 Nguyễn Sơn;Hải Châu;Hòa Cường Nam;16.030770903383225;108.22803443913921;3 tầng;BTCT;3;Tốt;500;https://congdulieu.vn/cdldnfiles/nhatrubao/NTB-80nguyenson.jpg
Trường MN Thủy Tiên;5 Võ Văn Tần;Thanh Khê;Chính Gián;16.066946492333187;108.2031210539834;2 tầng;BTCT;3;Tốt;200;https://congdulieu.vn/cdldnfiles/nhatrubao/NTB-5vovantan.jpg
Trường Tiểu học Nguyễn Thái Học;177 Nguyễn Thiện Kế;Sơn Trà;An Hải Đông;16.05643498463341;108.24000522703217;3 tầng;BTCT;3;Tốt;350;https://congdulieu.vn/cdldnfiles/nhatrubao/NTB-177nguyenthienke.jpg
Trường MN Hoàng Cúc;7 An Hải Đông 1;Sơn Trà;An Hải Đông;16.058347426743136;108.24204906037224;3 tầng;BTCT;3;Tốt;80;https://congdulieu.vn/cdldnfiles/nhatrubao/NTB-7anhaidong1.ipg
Trường MN Mẫu Đơn(mới);Nguyễn Thị Thập;Thanh Khê;Thanh Khê Tây;16.072617922905113;108.17511857382928;3 tầng;BTCT;3;Tốt;100;https://congdulieu.vn/cdldnfiles/nhatrubao/NTB-nguyenthithap.jpg
Nhà sinh hoạt KDC 4B;23 Nguyễn Văn Huề;Thanh Khê;Thanh Khê Tây;16.0689749086922;108.17626438098489;2 tầng;BTCT;3;Tốt;100;https://congdulieu.vn/cdldnfiles/nhatrubao/NTB-23nguyenvanhue.jpg
Trường THCS Đỗ Đăng Tuyển;182 Yên khê 1;Thanh Khê;Thanh Khê Tây;16.071179427977473;108.17700303084332;3 tầng;BTCT;3;Tốt;400;https://congdulieu.vn/cdldnfiles/nhatrubao/NTB-182yenkhe1.jpg
Nhà sinh hoạt KDC 4A;K60/H61/4 Mẹ Nhu;Thanh Khê;Thanh Khê Tây;16.066633624278115;108.17775566531625;1 tầng;BTCT;4;Tốt;80;https://congdulieu.vn/cdldnfiles/nhatrubao/NTB-k60.h61.4menhu.jpg
Trường CĐ nghề Đà Nẵng;99 Tô Hiến Thành;Sơn Trà;Phước Mỹ;16.05969474041993;108.24351248773638;5 tầng;BTCT;2;Tốt;200;https://congdulieu.vn/cdldnfiles/nhatrubao/NTB-99tohienthanh.jpg
Trường THCS Phan Bội Châu;01 Thạch Lam;Sơn Trà;Phước Mỹ;16.05861200186111;108.24399692269996;3 tầng;BTCT;3;Tốt;100;https://congdulieu.vn/cdldnfiles/nhatrubao/NTB-1thachlam.jpg
Trường TH Lương Thế Vinh;97 Hoàng Bích Sơn;Sơn Trà;An Hải Bắc;16.0726071037946;108.24151805512234;2 tầng;BTCT;3;Tốt;100;https://congdulieu.vn/cdldnfiles/nhatrubao/NTB-97luongthevinh.jpg
Trường TH Hai Bà Trưng CS1;01 Nại Thịnh 7;Sơn Trà;Nại Hiên Đông;16.087517786949142;108.23202433734718;3 tầng;BTCT;3;Tốt;200;https://congdulieu.vn/cdldnfiles/nhatrubao/NTB-1naithinh7.jpg
Nhà ở xã hội Nest Home;Chu Huy Mân;Sơn Trà;Mân Thái;16.08971951288747;108.24075626361993;9 tầng;BTCT;2;Tốt;700;https://congdulieu.vn/cdldnfiles/nhatrubao/NTB-chuhuyman.jpg
Đội Cảnh Sát PCCC và CNCH - Công An Quận Sơn Trà;53 Thành Vinh 2;Sơn Trà;Thọ Quang;16.104703286059685;108.25426618197172;2 tầng;BTCT;3;Tốt;500;https://congdulieu.vn/cdldnfiles/nhatrubao/NTB-53thanhvinh2.jpg
Trường TH Lê Bá Trinh;96 An Dương Vương;Ngũ Hành Sơn;Mỹ An;16.039826440667117;108.2388444966126;02 tầng;BTCT;4;Tốt;300;https://congdulieu.vn/cdldnfiles/nhatrubao/NTB-96anduongvuong.jpg
Chung Cư Nam Cầu Tuyên Sơn;Doãn Uẩn;Ngũ Hành Sơn;Khuê Mỹ;16.035425177549193;108.24238058542782;7 tầng;BTCT;;Tốt;500;https://congdulieu.vn/cdldnfiles/nhatrubao/NTB-doanuan.jpg
Ký Túc Xá Sinh Viên;Doãn Uẩn;Ngũ Hành Sơn;Khuê Mỹ;16.03464989272794;108.24305469844082;9 tầng;BTCT;;Tốt;1000;https://congdulieu.vn/cdldnfiles/nhatrubao/NTB-doanuan.jpg(383)
Trường MN Bạch Dương;25 Dương Thị Xuân Quý;Ngũ Hành Sơn;Mỹ An;16.042212026334663;108.243849895571;02 tầng;BTCT;4;Tốt;150;https://congdulieu.vn/cdldnfiles/nhatrubao/NTB-25duongthixuanquy.jpg
Trường MN Pikachu;222 Võ Như Hưng;Ngũ Hành Sơn;Mỹ An;16.045010114910294;108.23821105336373;02 tầng;BTCT;4;Tốt;150;https://congdulieu.vn/cdldnfiles/nhatrubao/NTB-222vonhuhung.jpg
Trường TH Lê Lai CS2;An Thượng 27;Ngũ Hành Sơn;Mỹ An;16.054256630777456;108.24518933988938;02 tầng;BTCT;4;Tốt;300;https://congdulieu.vn/cdldnfiles/nhatrubao/NTB-anthuong27.jpg
Thư Viện Thân Thiện Với Trẻ Song Gan;K90/2 Phan Bá Phiến;Sơn Trà;Thọ Quang;16.092937762589116;108.24683605454933;2 tầng;BTCT;2;Tốt;100;https://congdulieu.vn/cdldnfiles/nhatrubao/NTB-K90.2phanbaphien.jpg
Trường THCS Hoàng Sa;7 Vũ Tông Phan;Sơn Trà;Thọ Quang;16.09299590799092;108.24693332301594;3 tầng;BTCT;3;Tốt;100;https://congdulieu.vn/cdldnfiles/nhatrubao/NTB-7vutongphan.jpg
Nhà sinh hoạt cộng đồng Mỹ Đa Tây 3;10 Mỹ Đa Tây 9;Ngũ Hành Sơn;Khuê Mỹ;16.035472062486797;108.24339211179334;1 tầng;BTCT;;Tốt;50;https://congdulieu.vn/cdldnfiles/nhatrubao/NTB-10mydatay9.jpg
Nhà sinh hoạt cộng đồng Đa Mặn 3;24 Đa Mặn 5;Ngũ Hành Sơn;Khuê Mỹ;16.03075693642122;108.2460552041955;1 tầng;BTCT;;Tốt;50;https://congdulieu.vn/cdldnfiles/nhatrubao/NTB-24daman5.jpg
Trường HermannGmeiner;15 Nguyễn Đình Chiểu;Ngũ Hành Sơn;Khuê Mỹ;16.029894659826063;108.24600748935576;2 tầng;BTCT;;Tốt;500;https://congdulieu.vn/cdldnfiles/nhatrubao/NTB-15nguyendinhchieu.jpg
Nhà sinh hoạt cộng đồng Đa Mặn 2A;1 Mặc Cửu;Ngũ Hành Sơn;Khuê Mỹ;16.02557739497956;108.24081402715932;1 tầng;BTCT;;Tốt;50;https://congdulieu.vn/cdldnfiles/nhatrubao/NTB-1maccuu.jpg
Trung Tâm VHTT Phường Khuê Mỹ;Đường K20;Ngũ Hành Sơn;Khuê Mỹ;16.02331218024608;108.2472695050198;1 tầng;BTCT;;Tốt;50;https://congdulieu.vn/cdldnfiles/nhatrubao/NTB-k20.jpg
UBND Phường Khuê Mỹ;42 K20;Ngũ Hành Sơn;Khuê Mỹ;16.024263478657687;108.24771668116179;2 tầng;BTCT;;Tốt;100;https://congdulieu.vn/cdldnfiles/nhatrubao/NTB-42k20.jpg
Nhà sinh hoạt cộng đồng Đa Mặn 8A;23 Đa Mặn 3;Ngũ Hành Sơn;Khuê Mỹ;16.020678396032533;108.25056352328515;1 tầng;BTCT;;Tốt;50;https://congdulieu.vn/cdldnfiles/nhatrubao/NTB-23daman3.jpg
Nhà sinh hoạt cộng đồng Mỹ Đa Đông 1;33 Trần Văn Thành;Ngũ Hành Sơn;Khuê Mỹ;16.039464439943394;108.24802163415902;1 tầng;BTCT;;Tốt;50;https://congdulieu.vn/cdldnfiles/nhatrubao/NTB-33tranvanthanh.jpg
Trung tâm Cấp Cứu 115;Thanh Tịnh;Liên Chiểu;Hòa Minh;16.061712620601465;108.17304925360011;2 tầng;BTCT;3;Tốt;300;https://congdulieu.vn/cdldnfiles/nhatrubao/NTB-thanhtinh.jpg
Trung tâm Bồi dưỡng nghiệp vụ Bưu Chính Viễn Thông;Nguyễn Sinh Sắc;Liên Chiểu;Hòa Minh;16.069096138549803;108.15828151654107;5 tầng;BTCT;3;Tốt;2000;https://congdulieu.vn/cdldnfiles/nhatrubao/NTB-nguyensinhsac.jpg
KTX phía Tây Thành Phố;8 Hà Văn Tính;Liên Chiểu;Hòa Khánh Nam;16.068137096906913;108.154343600301;5 tầng;BTCT;3;Tốt;1500;https://congdulieu.vn/cdldnfiles/nhatrubao/NTB-8havantinh.jpg
Trường THCS Lương Thế Vinh;86 Đặng Huy Trứ;Liên Chiểu;Hòa Minh;16.080768687241903;108.15899883978669;2 tầng;BTCT;3;Tốt;1000;https://congdulieu.vn/cdldnfiles/nhatrubao/NTB-86danghuytru.jpg
Trường TH Võ Thị Sáu;2 Trần Đình Tri;Liên Chiểu;Hòa Minh;16.080571201485416;108.15504131532887;3 tầng;BTCT;3;Tốt;800;https://congdulieu.vn/cdldnfiles/nhatrubao/NTB-2trandinhtri.jpg
Trung tâm chăm sóc và giáo dục mầm non One Sky Đà Nẵng;02 Lê Công Kiều;Liên Chiểu;Hòa Khánh Bắc;16.077613957261942;108.12157991436182;1 tầng;BTCT;3;Tốt;500;https://congdulieu.vn/cdldnfiles/nhatrubao/NTB-2lecongkieu.jpg
Trường mẫu giáo Sơn Ca;01 Thành Vinh 7;Liên Chiểu;Hòa Khánh Bắc;16.075797251637027;108.12769521668378;2 tầng;BTCT;3;Tốt;800;https://congdulieu.vn/cdldnfiles/nhatrubao/NTB-1thanhvinh7.jpg
Trường mẫu giáo Họa Mi;33 Đồng Kè;Liên Chiểu;Hòa Khánh Bắc;16.0717195083622;108.1474821230234;2 tầng;BTCT;3;Tốt;1000;https://congdulieu.vn/cdldnfiles/nhatrubao/NTB-33dongke.jpg
Nhà sinh hoạt cộng đồng khu vực Chơn Tâm 1B5;Mộc Bài 1;Liên Chiểu;Hòa Khánh Nam;16.06996948197161;108.15539157405817;1 tầng;BTCT;3;Tốt;100;https://congdulieu.vn/cdldnfiles/nhatrubao/NTB-mocbai1.jpg
Đại học Duy Tân;120 Hoàng Minh Thảo;Liên Chiểu;Hòa Khánh Nam;16.049327350052973;108.16010442758511;5 tầng;BTCT;3;Tốt;1500;https://congdulieu.vn/cdldnfiles/nhatrubao/NTB-hoangminhthao.jpg
Tiểu đoàn Đặc công 409;Trần Đức;Liên Chiểu;Hòa Khánh Nam;16.04942796976077;108.15134595017123;2 tầng;BTCT;3;Tốt;500;https://congdulieu.vn/cdldnfiles/nhatrubao/NTB-tranduc.jpg
Trường mầm non 1-6 cơ sở Khánh Sơn;Huỳnh Thị Bảo Hòa;Liên Chiểu;Hòa Khánh Nam;16.051435019841374;108.1467209400222;2 tầng;BTCT;3;Tốt;500;https://congdulieu.vn/cdldnfiles/nhatrubao/NTB-huynhthibaohoa.jog
Trường THCS Lê Anh Xuân;Xuân Thiều 6;Liên Chiểu;Hòa Hiệp Nam;16.124354831946178;108.11723517429408;2 tầng;BTCT;3;Tốt;700;https://congdulieu.vn/cdldnfiles/nhatrubao/NTB-xuanthieu6.jpg
Trường MN Hướng Dương 2;Kim Liên 2;Liên Chiểu;Hòa Hiệp Bắc;16.127802310249344;108.11372649342002;2 tầng;BTCT;2;Tốt;500;https://congdulieu.vn/cdldnfiles/nhatrubao/NTB-kimlien2.jpg
Công ty cổ phần cao su Đà Nẵng;Tạ Quang Bửu;Liên Chiểu;Hòa Hiệp Bắc;16.127591846998715;108.10942440766472;3 tầng;BTCT;2;Tốt;300;https://congdulieu.vn/cdldnfiles/nhatrubao/NTB-taquangbuu.jpg
Công ty cổ phần thép Đà Nẵng;Tạ Quang Bửu;Liên Chiểu;Hòa Hiệp Bắc;16.12822323329372;108.12157392228461;3 tầng;BTCT;2;Tốt;300;https://congdulieu.vn/cdldnfiles/nhatrubao/NTB-taquangbuu2.jpg
Trường mầm non Búp Sen Vàng;37 Nguyễn Phước Chu;Liên Chiểu;Hòa Hiệp Bắc;16.12833750268437;108.12095737264765;2 tầng;BTCT;;Tốt;200;https://congdulieu.vn/cdldnfiles/nhatrubao/NTB-37nguyenphuocchu.jpg
Trạm y tế phường Hòa Hiệp Bắc;23B Nguyễn Phước Chu;Liên Chiểu;Hòa Hiệp Bắc;16.127541021185824;108.12072147692155;2 tầng;BTCT;2;Tốt;300;https://congdulieu.vn/cdldnfiles/nhatrubao/NTB-23bnguyenphuocchu.jpg
Trường Tiểu học Trần Bình Trọng;18 Nguyễn Phước Chu;Liên Chiểu;Hòa Hiệp Bắc;16.134426862063798;108.11992760097219;3 tầng;BTCT;2;Tốt;1500;https://congdulieu.vn/cdldnfiles/nhatrubao/NTB-18nguyenphuocchu.jpg
Trường Tiểu học Hải Vân;256 Nguyễn Văn Cừ;Liên Chiểu;Hòa Hiệp Bắc;16.139857779248576;108.12004812726451;3 tầng;BTCT;2;Tốt;1600;https://congdulieu.vn/cdldnfiles/nhatrubao/NTB-256nguyenvancu.jpg
Nhà sinh hoạt cộng đồng KDC số 06;360 Nguyễn Văn Cừ;Liên Chiểu;Hòa Hiệp Bắc;16.145971177878447;108.12342812776826;1 tầng;BTCT;2;Tốt;20;https://congdulieu.vn/cdldnfiles/nhatrubao/NTB-360nguyenvancu.jpg
Chùa Nam Hải;Nguyễn Văn Cừ;Liên Chiểu;Hòa Hiệp Bắc;16.140641196280047;108.11968718024215;1 tầng;BTCT;2;Tốt;500;https://congdulieu.vn/cdldnfiles/nhatrubao/NTB-nguyenvancu.jpg
Trạm cảnh sát giao thông cửa ô Hòa Hiệp;299 Nguyễn Văn Cừ;Liên Chiểu;Hòa Hiệp Bắc;16.135255491417993;108.11733583634508;2 tầng;BTCT;2;Tốt;300;https://congdulieu.vn/cdldnfiles/nhatrubao/NTB-299nguyenvancu.jpg
Trường THCS Nguyễn Thái Bình;K177 Nguyễn Văn Cừ;Liên Chiểu;Hòa Hiệp Bắc;16.13596669887584;108.11739359219155;3 tầng;BTCT;2;Tốt;1500;https://congdulieu.vn/cdldnfiles/nhatrubao/NTB-k177nguyenvancu.jpg
Trường mầm non Hướng Dương;K177/42 Nguyễn Văn Cừ;Liên Chiểu;Hòa Hiệp Bắc;16.135372985004462;108.11942948497516;2 tầng;BTCT;2;Tốt;500;https://congdulieu.vn/cdldnfiles/nhatrubao/NTB-k177.42nguyenvancu.jpg
Chùa Kim Quang;169 Nguyễn Văn Cừ;Liên Chiểu;Hòa Hiệp Bắc;16.1308750162957;108.11917478832667;1 tầng;BTCT;2;Tốt;280;https://congdulieu.vn/cdldnfiles/nhatrubao/NTB-169nguyenvancu.jpg
Xí nghiệp phân bón hóa chất Kim Liên;73 Nguyễn Văn Cừ;Liên Chiểu;Hòa Hiệp Bắc;16.129710175091493;108.11883868108652;2 tầng;BTCT;2;Tốt;250;https://congdulieu.vn/cdldnfiles/nhatrubao/NTB-73nguyenvancu.jpg
Công ty cổ phần xi măng Ngũ Hành Sơn;65 Nguyễn Văn Cừ;Liên Chiểu;Hòa Hiệp Bắc;16.12846005617485;108.11906782878873;2 tầng;BTCT;2;Tốt;250;https://congdulieu.vn/cdldnfiles/nhatrubao/NTB-65nguyenvancu.jpg
Công ty cổ phần xi măng VICEM Hải Vân;65 Nguyễn Văn Cừ;Liên Chiểu;Hòa Hiệp Bắc;16.12631580996355;108.11909770427683;2 tầng;BTCT;2;Tốt;250;https://congdulieu.vn/cdldnfiles/nhatrubao/NTB-65nguyenvancu2.jpg
Công ty cổ phần Công trình 875;59 Nguyễn Văn Cừ;Liên Chiểu;Hòa Hiệp Bắc;16.12525299066755;108.11997114969236;2 tầng;BTCT;2;Tốt;500;https://congdulieu.vn/cdldnfiles/nhatrubao/NTB-59nguyenvancu.jpg
Trường mầm non Sen Vàng;21 Nguyễn Văn Cừ;Liên Chiểu;Hòa Hiệp Bắc;16.126504505648587;108.12107095146126;2 tầng;BTCT;2;Tốt;250;https://congdulieu.vn/cdldnfiles/nhatrubao/NTB-21nguyenvancu.jpg
Phân hiệu Cao đẳng đường sắt Đà Nẵng;62a Nguyễn Văn Cừ;Liên Chiểu;Hòa Hiệp Bắc;16.133514444461543;108.12035185535844;3 tầng;BTCT;2;Tốt;700;https://congdulieu.vn/cdldnfiles/nhatrubao/NTB-62anguyenvancu.jpg
Ga Kim Liên;236 Nguyễn Văn Cừ;Liên Chiểu;Hòa Hiệp Bắc;;;3 tầng;BTCT;2;v;200;https://congdulieu.vn/cdldnfiles/nhatrubao/NTB-236nguyenvancu.jpg
Trường THCS Nguyễn Tri Phương;Hòa Bắc, Hòa Vang, Đà Nẵng;Hòa Vang;Hòa Bắc;16.12250338414582;108.05807185931529;2 tầng;BTCT;3;Tốt;300;https://congdulieu.vn/cdldnfiles/nhatrubao/NTB-hoabachoavangdanang.jpg
Trung tâm văn hóa thể thao xã Hòa Bắc;Hòa Bắc, Hòa Vang, Đà Nẵng;Hòa Vang;Hòa Bắc;16.126063779092487;108.05608727253019;1 tầng;BTCT;3;Tốt;70;https://congdulieu.vn/cdldnfiles/nhatrubao/NTB-hoabachoavangdanang2.jpg
UBND xã Hòa Bắc;Hòa Bắc, Hòa Vang, Đà Nẵng;Hòa Vang;Hòa Bắc;16.126651748664855;108.05508224019003;2 tầng;BTCT;3;Tốt;100;https://congdulieu.vn/cdldnfiles/nhatrubao/NTB-hoabachoavangdanang3.jpg
Công an xã Hòa Bắc;Hòa Bắc, Hòa Vang, Đà Nẵng;Hòa Vang;Hòa Bắc;16.126651748664855;108.05508224019003;2 tầng;BTCT;3;Tốt;100;https://congdulieu.vn/cdldnfiles/nhatrubao/NTB-hoabachoavangdanang4.jpg
Nhà văn hóa thôn Phò Nam;Hòa Bắc, Hòa Vang, Đà Nẵng;Hòa Vang;Hòa Bắc;16.126909221441622;108.05445810338595;1 tầng;BTCT;4;Tốt;50;https://congdulieu.vn/cdldnfiles/nhatrubao/NTB-hoabachoavangdanang5.jpg
Trường TH Hòa Bắc;Hòa Bắc, Hòa Vang, Đà Nẵng;Hòa Vang;Hòa Bắc;16.12876659758949;108.05218655440478;3 tầng;BTCT;3;Tốt;250;https://congdulieu.vn/cdldnfiles/nhatrubao/NTB-hoabachoavangdanang6.jpg
Trạm y tế xã Hòa Bắc;Hòa Bắc, Hòa Vang, Đà Nẵng;Hòa Vang;Hòa Bắc;16.12919097460903;108.05107350195564;2 tầng;BTCT;3;Tốt;80;https://congdulieu.vn/cdldnfiles/nhatrubao/NTB-hoabachoavangdanang7.jpg
Trường MN Hòa Bắc điểm trường Giàn Bí;Hòa Bắc, Hòa Vang, Đà Nẵng;Hòa Vang;Hòa Bắc;16.12049720074545;107.98658820426718;02 tầng;BTCT;3;Tốt;100;https://congdulieu.vn/cdldnfiles/nhatrubao/NTB-hoabachoavangdanang8.jpg
Trường TH xã Hòa Bắc điểm trường Tà Lang;Hòa Bắc, Hòa Vang, Đà Nẵng;Hòa Vang;Hòa Bắc;16.11788706745425;107.9834062824936;3 tầng;BTCT;3;Tốt;200;https://congdulieu.vn/cdldnfiles/nhatrubao/NTB-hoabachoavangdanang9.jpg
Nhà Gươl Tà Lang;Hòa Bắc, Hòa Vang, Đà Nẵng;Hòa Vang;Hòa Bắc;16.117348705518197;107.98077777600112;1 tầng;BTCT;4;Tốt;50;https://congdulieu.vn/cdldnfiles/nhatrubao/NTB-hoabachoavangdanang10.jpg
Trạm xá quân dân y kết hợp;Thôn Giàn Bí xã Hoà Bắc;Hòa Vang;Hòa Bắc;16.11967593481179;107.9856242387631;1 tầng;BTCT;4;Tốt;50;https://congdulieu.vn/cdldnfiles/nhatrubao/NTB-hoabachoavangdanang11.jpg
Trường MN Hòa Bắc điểm trường thôn Nam Mỹ;Thôn Nam Mỹ xã Hoà Bắc;Hòa Vang;Hòa Bắc;16.12523029148273;108.01373315347345;1 tầng;BTCT;4;Tốt;50;https://congdulieu.vn/cdldnfiles/nhatrubao/NTB-hoabachoavangdanang12.jpg
Nhà văn hóa thôn Nam Mỹ;Thôn Nam Mỹ xã Hoà Bắc;Hòa Vang;Hòa Bắc;16.12509221400418;108.01399865781222;1 tầng;BTCT;4;Tốt;50;https://congdulieu.vn/cdldnfiles/nhatrubao/NTB-hoabachoavangdanang13.jpg
Trường TH Hòa Bắc điểm trường thôn Nam Mỹ;Thôn Nam Mỹ xã Hoà Bắc;Hòa Vang;Hòa Bắc;16.125574986706386;108.01451422402079;2 tầng;BTCT;3;Tốt;100;https://congdulieu.vn/cdldnfiles/nhatrubao/NTB-hoabachoavangdanang14.jpg
Nhà văn hóa thôn Lộc Mỹ;Thôn Lộc Mỹ xã Hoà Bắc;Hòa Vang;Hòa Bắc;16.138128277515843;108.02099501857039;2 tầng;BTCT;4;Tốt;60;https://congdulieu.vn/cdldnfiles/nhatrubao/NTB-hoabachoavangdanang15.jpg
Trạm kiểm lâm xã Hòa Bắc;Hòa Bắc, Hòa Vang, Đà Nẵng;Hòa Vang;Hòa Bắc;16.138851764859766;108.03352465541207;1 tầng;BTCT;4;Tốt;50;https://congdulieu.vn/cdldnfiles/nhatrubao/NTB-hoabachoavangdanang16.jpg
Nhà văn hóa thôn Nam Yên;Thôn Nam Yên xã Hoà Bắc;Hòa Vang;Hòa Bắc;16.14013253753728;108.04130537667938;1 tầng;BTCT;4;Tốt;50;https://congdulieu.vn/cdldnfiles/nhatrubao/NTB-hoabachoavangdanang17.jpg
Trường MN Hòa Bắc điểm trường Nam Yên;Thôn Nam Yên xã Hoà Bắc;Hòa Vang;Hòa Bắc;16.1394967822293;108.04733293840937;1 tầng;BTCT;4;Tốt;50;https://congdulieu.vn/cdldnfiles/nhatrubao/NTB-hoabachoavangdanang18.jpg
Trường TH Hòa Bắc điểm trường thôn Nam Yên;Thôn Nam Yên xã Hoà Bắc;Hòa Vang;Hòa Bắc;16.139065722720563;108.04786926384563;2 tầng;BTCT;3;Tốt;100;https://congdulieu.vn/cdldnfiles/nhatrubao/NTB-hoabachoavangdanang19.jpg
Giáo xứ Hội Yên;Hòa Bắc, Hòa Vang, Đà Nẵng;Hòa Vang;Hòa Bắc;16.138529329069932;108.05489094268398;2 tầng;BTCT;3;Tốt;300;https://congdulieu.vn/cdldnfiles/nhatrubao/NTB-hoabachoavangdanang20.jpg
Nhà văn hóa thôn An Định;Thôn An Định xã Hoà Bắc;Hòa Vang;Hòa Bắc;16.136404975922105;108.06873431151696;1 tầng;BTCT;4;Tốt;50;https://congdulieu.vn/cdldnfiles/nhatrubao/NTB-hoabachoavangdanang21.jpg
UBND xã Hòa Khương;Phú Sơn Tây;Hòa Vang;Hòa Khương;15.960896878293017; 108.13977027914744;2 tầng;BTCT;2;Tốt;100;https://congdulieu.vn/cdldnfiles/nhatrubao/NTB-ubndhoakhuong.jpg
Trường THCS Kim Đồng;87 Trần Bình Trọng;Hải Châu;Hải Châu 1;16.064412553388664;108.21788212075509;3 tầng;BTCT;1;Tốt;100;
Trường MN Hòa Phượng Đỏ;k85/12 Trần Bình Trọng;Hải Châu;Hải Châu 1;16.064304299536946;108.21747442502968;4 tầng;BTCT;1;Tốt;100;https://congdulieu.vn/cdldnfiles/nhatrubao/th_k85.12_tranbinhtrong.jpg
Trường tiểu học Trần Văn Ơn;65 Trần Bình Trọng;Hải Châu;Hải Châu 1;16.06390843450199;108.21752444678418;5 tầng;BTCT;1;Tốt;100;https://congdulieu.vn/cdldnfiles/nhatrubao/th_140_hoangdieu.jpg
Nhà sinh hoạt khu dân cư đa mặn 10-11;223 Lê Văn Hiến;Ngũ Hành Sơn;Khuê Mỹ;16,020,854,623,313,600;10,825,221,981,788,700;1 tầng;BTCT;1;Tốt;50;https://congdulieu.vn/cdldnfiles/nhatrubao/ntb_223_levanhien.jpg
Trường Tiểu học Lê Lai;87 Ngũ Hành Sơn;Ngũ Hành Sơn;Mỹ An;1,604,449,862,809,270;10,824,046,611,436,100;1 tầng;BTCT;2;Tốt;300;https://congdulieu.vn/cdldnfiles/nhatrubao/ntb_87_nguhanhson.jpg
Trường THCS Lê Lợi;07 Hồ Xuân Hương;Ngũ Hành Sơn;Bắc Mỹ An;1,603,887,578,155,180;1,082,436,893,091,530;1 tầng;BTCT;2;Tốt;400;https://congdulieu.vn/cdldnfiles/nhatrubao/ntb_07_ho_xuan_huong.jpg
Trường đại học Kinh tế;71 Ngũ Hành Sơn;Ngũ Hành Sơn;Mỹ An;16.047885376346336; 108.23914026627209;1 tầng;BTCT;3;Tốt;500;https://congdulieu.vn/cdldnfiles/nhatrubao/ntb_71_nguhanhson.jpg
Trường THCS Đặng Thai Mai;32 Nguyễn Như Đỗ;Cẩm Lệ;Hòa Thọ Tây;16.004713673882755;108.18791574432666;3 tầng;BTCT;3;tốt;300;https://congdulieu.vn/cdldnfiles/nhatrubao/NTB_32_nguyennhudo.jpg
UBND phường Hòa Thọ Tây;số 11 đường Cầu Đỏ Túy Loan;Cẩm Lệ;Hòa Thọ Tây;16.00014611331198;108.18360268721666;2 tầng;BTCT;3;tốt;400;https://congdulieu.vn/cdldnfiles/nhatrubao/NTB_11_caudotuyloan.jpg
Trường tiểu học Ông Ích Đường (Trường chính);đường Cầu Đỏ Túy Loan, Tổ 10;Cẩm Lệ;Hòa Thọ Tây;15.999860588780546;108.18301411435037;3 tầng;BTCT;3;tốt;300;https://congdulieu.vn/cdldnfiles/nhatrubao/NTB_caudotuyloan_to10.jpg
Trường mầm non Hòa Thọ Tây;17 đường Cầu Đỏ Túy Loan, tổ 10;Cẩm Lệ;Hòa Thọ Tây;15.99933986366398;108.18237945649771;2 tầng;BTCT;3;tốt;300;https://congdulieu.vn/cdldnfiles/nhatrubao/NTB_to10hoathotay.jpg
Trạm y tế phường Hòa Thọ Tây;đường Cầu Đỏ Túy Loan, Tổ 10;Cẩm Lệ;Hòa Thọ Tây;16.000105861776436;108.1833352141555;2 tầng;BTCT;3;tốt;200;https://congdulieu.vn/cdldnfiles/nhatrubao/NTB_caudotuyloan.jpg
Trụ sở UBND xã Hòa Châu;Quốc lộ 1A, thôn Quang Châu;Hòa Vang;Hòa Châu;15.985644492906587;108.20161343055052;2 tầng;BTCT;3;tốt;350;https://congdulieu.vn/cdldnfiles/nhatrubao/NTB_quoclo1a_hoachau.jpg
Trường tiểu học Hòa Phước;thôn Miếu Bông;Hòa Vang;Hòa Phước;15.981619627741829;108.20588102181391;2 tầng;BTCT;3;tốt;300;"https://congdulieu.vn/cdldnfiles/nhatrubao/NTB_thonmieubong_hoaphuoc.jpg
"
Trung tâm giáo dục thường xuyên số 3;815 Trường Chinh, tổ 4;Cẩm Lệ;Hòa Thọ Đông;16.004656473663303;108.19128941996772;2 tầng;BTCT;3;tốt;300;https://congdulieu.vn/cdldnfiles/nhatrubao/NTB_815_truongchinh.jpg
Kho sách Hòa Cầm;Đường số 03, KCN Hòa Cầm;Cẩm Lệ;Hòa Thọ Tây;16.00651213770416;108.18491620907861;2 tầng;BTCT;2;tốt;200;https://congdulieu.vn/cdldnfiles/nhatrubao/NTB_duongso3_kcnhoacam.jpg
Công ty DV Vận tải Danatrans;Đường số 2-3, KCN Hòa Cầm;Cẩm Lệ;Hòa Thọ Tây;16.005822428557494;108.18385715813858;1 tầng;BTCT;2;tốt;200;https://congdulieu.vn/cdldnfiles/nhatrubao/NTB_duongso2-3_kcnhoacam.jpg
Bưu điện Đà Nẵng 4;Tổ 20;Cẩm Lệ;Hòa Thọ Tây;16.013414383716835; 108.19154215277719;1 tầng;BTCT;1;tốt;100;https://congdulieu.vn/cdldnfiles/nhatrubao/NTB_to20hoathotay.jpg
Cơ quan Công an phường Hòa Thọ Đông;06 Nguyễn Nhàn;Cẩm Lệ;Hòa Thọ Đông;16.011726708285153;108.19753605720432;2 tầng;BTCT;3;tốt;200;https://congdulieu.vn/cdldnfiles/nhatrubao/NTB_6_nguyennhan.jpg
Công an phường Hòa Thọ Tây;đường Trường Sơn, tổ 32;Cẩm Lệ;Hòa Thọ Tây;16.012793907940093;108.18324667268406;2 tầng;BTCT;2;tốt;150;https://congdulieu.vn/cdldnfiles/nhatrubao/NTB_truongson_to32.jpg
Trung tâm TDTT quận Cẩm Lệ;đường Trường Sơn, tổ 27;Cẩm Lệ;Hòa Thọ Tây;16.014085658398894;108.18893344724488;1 tầng;BTCT;2;tốt;300;https://congdulieu.vn/cdldnfiles/nhatrubao/NTB_truongson_to27hoathotay.jpg
Trung tâm thí nghiệm điện;1068 Tôn Đản, tổ 29;Cẩm Lệ;Hòa Thọ Tây;16.01216702133418; 108.18656361492096;4 tầng;BTCT;3;tốt;350;https://congdulieu.vn/cdldnfiles/nhatrubao/NTB_ttthinghiemdien.jpg
Nhà họp KDC số 8;Tổ 24;Cẩm Lệ;Hòa Thọ Tây;16.01332999780481; 108.18281533448402;1 tầng;BTCT;1;tốt;100;https://congdulieu.vn/cdldnfiles/nhatrubao/NTB_KDCso8-to24hoathotay.jpg
Trường mầm non Trí Nhân cơ sở 1;433 Tôn Đản;Cẩm Lệ;Hòa An;16.043455616587742;108.18306252979714;2 tầng;BTCT;3;tốt;200;https://congdulieu.vn/cdldnfiles/nhatrubao/NTB-mntrinhancs1.jpg
Trường mầm non Hoa Ngọc Lan (Cơ sở 2);620 Tôn Đản;Cẩm Lệ;Hòa Phát;16.036690806679285; 108.18411268885545;3 tầng;BTCT;3;tốt;300;https://congdulieu.vn/cdldnfiles/nhatrubao/NTB-mnhoangoclancs2.jpg
Trường tiểu học Thái Thị Bôi;976 Tôn Đản;Cẩm Lệ;Hòa Phát;16.032362117336334;108.18553631911625;3 tầng;BTCT;3;tốt;300;https://congdulieu.vn/cdldnfiles/nhatrubao/NTB-ththaithiboi.jpg
Trường tiểu học Ông Ích Đường (CS2);Tổ 3;Cẩm Lệ;Hòa Thọ Tây;16.01157947070154;108.18715634217614;2 tầng;BTCT;3;bình thường;100;https://congdulieu.vn/cdldnfiles/nhatrubao/NTB-truongthongichduong-coso2.jpg
Trường THCS Nguyễn Hồng Ánh;Thôn Phong Nam;Hòa Vang;Hòa Châu;15.987222462858547;108.19670511344422;2 tầng;BTCT;3;tốt;200;https://congdulieu.vn/cdldnfiles/nhatrubao/NTB-thcsnguyenhonganh.jpg
Trường mầm non Hòa Châu khu vực Phong Nam;Thôn Phong Nam;Hòa Vang;Hòa Châu;15.986947881040134;108.19561365193817;2 tầng;BTCT;1;tốt;200;https://congdulieu.vn/cdldnfiles/nhatrubao/NTB-mnhoachauphongnam.jpg
Nhà Phòng tránh thiên tai cộng đồng xã Hòa Châu tại thôn Phong Nam;Thôn Phong Nam;Hòa Vang;Hòa Châu;15.98465140094929;108.19210824838339;2 tầng;BTCT;3;tốt;400;https://congdulieu.vn/cdldnfiles/nhatrubao/NTB-thonphongnam.jpg
Trường tiểu học số 1 Hòa Châu, khu vực Quan Châu;Thôn Quan Châu;Hòa Vang;Hòa Châu;15.981119019711686; 108.20000094094105;2 tầng;BTCT;1;tốt;300;https://congdulieu.vn/cdldnfiles/nhatrubao/NTB-thso1hoachau-quanchau.jpg
Nhà văn hóa xã Hòa Châu;Thôn Quan Châu;Hòa Vang;Hòa Châu;15.980883402195175;108.2013095658477;1 tầng;BTCT;1;tốt;200;https://congdulieu.vn/cdldnfiles/nhatrubao/NTB-nvhxahoachau.jpg
Nhà Văn hóa thôn Giáng Đông;Thôn Giáng Đông;Hòa Vang;Hòa Châu;15.969079569262236; 108.19637946572392;1 tầng;BTCT;1;tốt;150;https://congdulieu.vn/cdldnfiles/nhatrubao/NTB-nvhxthongiangdong.jpg
Nhà Văn hóa thôn Dương Sơn;Thôn Dương Sơn;Hòa Vang;Hòa Châu;15.971230249585725;108.18479016190324;1 tầng;BTCT;1;tốt;100;https://congdulieu.vn/cdldnfiles/nhatrubao/NTB-nvhthonduongson.jpg
Trường mâm non Hoa Mai khu vực Dương Sơn;Thôn Dương Sơn;Hòa Vang;Hòa Châu;15.971016110023474; 108.18496111435036;2 tầng;BTCT;3;tốt;200;https://congdulieu.vn/cdldnfiles/nhatrubao/NTB-mnhoamaiduongson.jpg
Trường tiểu học số 1 Hòa Châu, khu vực Dương Sơn;Thôn Dương Sơn;Hòa Vang;Hòa Châu;15.974154847123755;108.18456383438446;2 tầng;BTCT;3;tốt;300;https://congdulieu.vn/cdldnfiles/nhatrubao/NTB-thso1hoachau-duongson.jpg
Đài phát sóng An Hải thôn Tây An;Thôn Tây An;Hòa Vang;Hòa Châu;15.991061959585569;108.18598288611481;2 tầng;BTCT;3;tốt;400;https://congdulieu.vn/cdldnfiles/nhatrubao/NTB-daiphatsonganhai.jpg
Trường mầm non Hòa Châu khu vực Tây An;Thôn Tây An;Hòa Vang;Hòa Châu;15.991958042329754;108.1874752879344;2 tầng;BTCT;3;bình thường;50;https://congdulieu.vn/cdldnfiles/nhatrubao/NTB-mnhoachautayan.jpg
Trường mầm non Hòa Châu khu vực Cẩm Nam;Thôn Cẩm Nam;Hòa Vang;Hòa Châu;15.99832520232838;108.20385030335024;2 tầng;BTCT;3;tốt;200;https://congdulieu.vn/cdldnfiles/nhatrubao/NTB-mnhoachaucamnam.jpg
Khu chung cư Nam cầu Cẩm Lệ;Thôn Cẩm Nam;Hòa Vang;Hòa Châu;16.001350400125283;108.20475119957175;7 tầng;BTCT;3;tốt;1000;https://congdulieu.vn/cdldnfiles/nhatrubao/NTB-chungcunamcaucamle.jpg
Trường mầm non số 1 Hòa Tiến;Thôn Cẩm Nê;Hòa Vang;Hòa Tiến;15.986567613988306;108.17473284361553;2 tầng;BTCT;3;tốt;300;https://congdulieu.vn/cdldnfiles/nhatrubao/NTB-mnso1hoatienCamne.jpg
Nhà phòng tránh thiên tai Bắc An;Thôn Bắc An;Hòa Vang;Hòa Tiến;15.97928841925977; 108.15610194908041;2 tấng;BTCT;3;tốt;400;https://congdulieu.vn/cdldnfiles/nhatrubao/NTB-thonbacan.jpg
Nhà họp thôn Hòa Tiến;Thôn Bắc An;Hòa Vang;Hòa Tiến;15.979292363334428;108.15606685123173;2 tầng;BTCT;3;tốt;400;https://congdulieu.vn/cdldnfiles/nhatrubao/NTB-nhahopthonbacan.jpg
Trường mẫu giáo số 2 Hòa Tiến;Thôn An Trạch;Hòa Vang;Hòa Tiến;15.958980254996161;108.1613341995472;2 tầng;BTCT;3;tốt;200;https://congdulieu.vn/cdldnfiles/nhatrubao/NTB-maugiao2hoatienAntrach.jpg
Trường tiểu học số 2 Hòa Tiến;Thôn Lệ Sơn 2;Hòa Vang;Hòa Tiến;15.959473043605165;108.16619971344697;2 tầng;BTCT;3;tốt;100;https://congdulieu.vn/cdldnfiles/nhatrubao/NTB-thso2hoatienLeson2.jpg
Trường mầm non số 2 Hòa Tiến;Thôn Lệ Sơn Nam;Hòa Vang;Hòa Tiến;15.960613295616369;108.17829732856683;2 tầng;BTCT;3;tốt;200;https://congdulieu.vn/cdldnfiles/nhatrubao/NTB-mnso2hoatienLesonnam.jpg
Nhà họp thôn Lệ Sơn Bắc;Thôn Lệ Sơn Bắc;Hòa Vang;Hòa Tiến;15.964441001415253;108.1780850328505;2 tầng;BTCT;1;tốt;200;https://congdulieu.vn/cdldnfiles/nhatrubao/NTB-nhahopthonlesonbac.jpg
Trường tiểu học số 1 Hòa Tiến;Thôn Yến Nê 1;Hòa Vang;Hòa Tiến;15.976907423800586;108.17916101357314;2 tầng;BTCT;3;tốt;200;https://congdulieu.vn/cdldnfiles/nhatrubao/NTB-thso1hoatienYenne1.jpg
Trường mầm non số 1 Hòa Tiến;Thôn Yến Nê 2;Hòa Vang;Hòa Tiến;15.977145798544708;108.17399149830044;2 tầng;BTCT;3;tốt;200;https://congdulieu.vn/cdldnfiles/nhatrubao/NTB-mnso1hoatienYenne2.jpg
Trường THPT Liên Chiểu;02 Trần Tấn;Liên Chiểu;Hòa Hiệp Nam;16.1023109871894;108.133451985195;3 tầng;BTCT;;Tốt;;https://congdulieu.vn/cdldnfiles/nhatrubao/ntb_02_trantran.jpg
Trường mầm non Tiểu My;K764/02 Nguyễn Lương Bằng;Liên Chiểu;Hòa Hiệp Nam;16.1102489847689;108.130260994657;3 tầng;BTCT;;Tốt;;https://congdulieu.vn/cdldnfiles/nhatrubao/ntb_k764_nguyenluongbang.jpg
Trường THPT Nguyễn Trãi;01 Phan Văn Định;Liên Chiểu;Hòa Khánh Bắc;16.08808103017509;108.14524800516665;3 tầng;BTCT;;Tốt;;https://congdulieu.vn/cdldnfiles/nhatrubao/ntb_01_phanvandinh.jpg
Trường Tiểu học Ngô Sĩ Liên;52 Nguyễn Lương Bằng;Liên Chiểu;Hòa Khánh Bắc;16.073406999930739;108.14998101443052;3 tầng;BTCT;;Tốt;;https://congdulieu.vn/cdldnfiles/nhatrubao/ntb_52_nguyenluongbang.jpg
Trường Tiểu học Trưng Nữ Vương;825B Nguyễn Lương Bằng;Liên Chiểu;Hòa Hiệp Nam;161,051,385,500,851;108,132,052,984,842;3 tầng;BTCT;;Tốt;;https://congdulieu.vn/cdldnfiles/nhatrubao/ntb_825B_nguyenluongbang.jpg
Trường Đại học Bách khoa;54 Nguyễn Lương Bằng;Liên Chiểu;Hòa Khánh Bắc;16.073661977425218;108.14997497946024;;BTCT;;Tốt;;https://congdulieu.vn/cdldnfiles/nhatrubao/ntb_54_nguyenluongbang.jpg
Trường Tiểu học Triệu Thị Trinh (Cơ sở 1);K884/09/83 Nguyễn Lương Bằng;Liên Chiểu;Hòa Hiệp Nam;16.116839004680514;108.1288540083915;2 tầng;BTCT;;Tốt;;https://congdulieu.vn/cdldnfiles/nhatrubao/ntb_K884/09/83_nguyenluongbang.jpg
Trường Tiểu học Triệu Thị Trinh (Cơ sở 2);K04/134 Nguyễn Tất Thành;Liên Chiểu;Hòa Hiệp Nam;16.113502001389861;108.12865996733308;3 tầng;BTCT;;Tốt;;https://congdulieu.vn/cdldnfiles/nhatrubao/ntb_K04/134_nguyentatthanh.jpg
Trường mầm non Măng non (Cơ sở 1);K829 Nguyễn Lương Bằng;Liên Chiểu;Hòa Hiệp Nam;16.105282036587596;108.13193402253091;2 tầng;BTCT;;Tốt;;https://congdulieu.vn/cdldnfiles/nhatrubao/ntb_K829_nguyenluongbang.jpg
"Nhà Thờ giáo xứ Hòa
 Khánh";50 Nguyễn Lương Bằng;Liên Chiểu;Hòa Khánh Bắc;16,073,715,398,331,100;1,081,511,865,140,660;2 tầng;BTCT;;Tốt;;https://congdulieu.vn/cdldnfiles/nhatrubao/ntb_50_nguyenluongbang.jpg
Trường THCS & THPT Hiển Nhân;204 Lương Nhữ Hộc;Cẩm Lệ;Khuê Trung;16.033135208564747;108.2108567426473;5 tầng;BTCT;3;Tốt;200;https://congdulieu.vn/cdldnfiles/nhatrubao/ntb_204_luongnhuhoc.jpg
Trường tiểu học Bùi Thị Xuân;122 Nguyễn Huy Tưởng;Liên Chiểu;Hòa Minh;16.051361536806787;108.16961151748953;3 tầng;BTCT;3;Tốt;1000;https://congdulieu.vn/cdldnfiles/nhatrubao/ntb_122_nguyenhuytuong.jpg
Trường tiểu học Duy Tân;207 Tô Hiệu;Liên Chiểu;Hòa Minh;16.06566849665491;108.16657440827557;2 tầng;BTCT;3;Tốt;1000;https://congdulieu.vn/cdldnfiles/nhatrubao/ntb_207_tohieu.jpg
Trạm y tế phường Hòa Khánh Nam;176 Mẹ Suốt;Liên Chiểu;Hòa Khánh Nam;16.054436126969100;108.1562584167548;2 tầng;BTCT;3;Tốt;100;https://congdulieu.vn/cdldnfiles/nhatrubao/ntb_176_mesuot.jpg
Trường tiểu học Hồng Quang;360 Hoàng Văn Thái;Liên Chiểu;Hòa Khánh Nam;16.051239385194098;108.15039901051709;4 tầng;BTCT;3;Tốt;700;https://congdulieu.vn/cdldnfiles/nhatrubao/ntb_360_hoangvanthai.jpg
Trường tiểu học Tây Hồ;44 Hoàng Văn Thụ;Hải Châu;Phước Ninh;16.063205185299772;108.22107212736313;3 tầng;BTCT;1;Tốt;400;https://congdulieu.vn/cdldnfiles/nhatrubao/ntb_44_hoangvanthu.jpg
Trường THCS Nguyễn Thiện Thuật;Đặng Nhơn;Cẩm Lệ;Hòa Xuân;15.99730907693654;108.2109780951339;3 tầng;BTCT;3;Tốt;300;https://congdulieu.vn/cdldnfiles/nhatrubao/ntb_dangnhon.jpg
Trường mầm non Hương Sen     ;10 Trần Lê;Cẩm Lệ;Hòa Xuân;16.00696751633326;108.21608742718453;2 tầng;BTCT;3;Tốt;100;https://congdulieu.vn/cdldnfiles/nhatrubao/ntb_10_tranle.jpg
Trường THPT Quang Trung;68 Đỗ Quang;Thanh Khê;Vĩnh Trung;16.059166835352602;108.21206976441717;7 tầng;BTCT;;Tốt;;https://congdulieu.vn/cdldnfiles/nhatrubao/ntb_68_doquang.jpg
Trường mầm non Hồng Nhung;17 Đỗ Quang;Thanh Khê;Vĩnh Trung;16.06201427363522;108.21183848118082;5 tầng;BTCT;3;Tốt;400;https://congdulieu.vn/cdldnfiles/nhatrubao/ntb_17_doquang.jpg
Trường THCS Chu Văn An;70A Lê Đình Lý;Thanh Khê;Vĩnh Trung;16.056856318911485;108.21145489577196;3 tầng;BTCT;3;Tốt;400;https://congdulieu.vn/cdldnfiles/nhatrubao/ntb_70A_ledinhly.jpg
Trường mầm non Tường Vy;56 Phạm Văn Nghị;Thanh Khê;Thạc Gián;16.057082952088354;108.20991924350875;4 tầng;BTCT;3;Tốt;250;https://congdulieu.vn/cdldnfiles/nhatrubao/ntb_56_phamvannghi.jpg
Trường THCS Huỳnh Thúc Kháng;154 Hà Huy Tập;Thanh Khê;Hòa Khê;16.064999252528246;108.1917655342126;3 tầng;BTCT;3;Tốt;300;https://congdulieu.vn/cdldnfiles/nhatrubao/ntb_154_hahuytap.jpg
Trường tiểu học Huỳnh Ngọc Huệ;124 Hà Huy Tập;Thanh Khê;Hòa Khê;16.063918944013007;108.19177867279494;3 tầng;BTCT;3;Tốt;300;https://congdulieu.vn/cdldnfiles/nhatrubao/ntb_124_hahuytap.jpg
Trường tiểu học Lê Quang Sung;K249/6 Hà Huy Tập;Thanh Khê;Hòa Khê;16.059729438777065;108.188497154028;2 tầng;BTCT;2;Tốt;150;https://congdulieu.vn/cdldnfiles/nhatrubao/ntb_k249-6_hahuytap.jpg
Trường mầm non Tuổi Hoa;85 Huỳnh Ngọc Huệ;Thanh Khê;Hòa Khê;16.06236332848097;108.18475733098411;3 tầng;BTCT;3;Tốt;150;https://congdulieu.vn/cdldnfiles/nhatrubao/ntb_85_huynhngochue.jpg
Trường mầm non Mẫu Đơn;31 Mẹ Nhu;Thanh Khê;Thanh Khê Tây;16.066625392885708;108.18108582690839;2 tầng;BTCT;;Tốt;100;https://congdulieu.vn/cdldnfiles/nhatrubao/ntb_31_menhu.jpg
Trường tiểu học Lê Văn Tám;02 Trần Thanh Trung;Thanh Khê;Thanh Khê Tây;16.070013783680793;108.1764733780063;2 tầng;BTCT;3;Tốt;400;https://congdulieu.vn/cdldnfiles/nhatrubao/ntb_02_tranthanhtrung.jpg
Trường mầm non Trí Nhân;433 Tôn Đản;Cẩm Lệ;Hòa An;16.043483248132855;108.1830546052561;2 tầng;BTCT;3;Tốt;300;https://congdulieu.vn/cdldnfiles/nhatrubao/ntb_433_tondan.jpg
Trường mầm non Hoa Ngọc Lan;620 Tôn Đản;Cẩm Lệ;Hòa Phát;16.036699742501707;108.18410156373147;3 tầng;BTCT;1;Tốt;150;https://congdulieu.vn/cdldnfiles/nhatrubao/ntb_620_tondan.jpg
Trường tiểu học Thái Thị Bôi;Tổ 22 Tôn Đản;Cẩm Lệ;Hòa Phát;16.032338859831306;108.18534305878144;2 tầng;BTCT;1;Tốt;200;https://congdulieu.vn/cdldnfiles/nhatrubao/ntb_to22_tondan.jpg
Trường THCS Trần Hưng Đạo;228 Trưng Nữ Vương;Hải Châu;Bình Thuận;16.05554942645819;108.22006422946616;4 tầng;BTCT;2;Tốt;800;https://congdulieu.vn/cdldnfiles/nhatrubao/ntb_228_trungnuvuong.jpg
Trường mầm non Hoa Ban;28 Lê Bá Trinh;Hải Châu;hòa Cường Bắc;16.043797653499546;108.21956652916279;3 tầng;BTCT;2;Tốt;1000;https://congdulieu.vn/cdldnfiles/nhatrubao/ntb_28_lebatrinh.jpg
Trường tiểu học Phan Đăng Lưu;108 Phan Đăng Lưu;Hải Châu;hòa Cường Bắc;16.036748427642127;108.21785980124457;3 tầng;BTCT;2;Tốt;1000;https://congdulieu.vn/cdldnfiles/nhatrubao/ntb_108_phandangluu.jpg
Thành Đoàn Đà Nẵng;71 Xuân Thủy;Cẩm Lệ;Khuê Trung;16.02872375152783;108.21354673972068;4 tầng;BTCT;3;Tốt;100;https://congdulieu.vn/cdldnfiles/nhatrubao/ntb_71_xuanthuy.jpg
Trường THCS Trần Quy Cáp;79/7 CMT8;Cẩm Lệ;Khuê Trung;16.02113381693272;108.21352720138488;3 tầng;BTCT;3;Tốt;200;https://congdulieu.vn/cdldnfiles/nhatrubao/ntb_79-7_cmt8.jpg
Trường Cao đẳng Kinh tế Kế hoạch Đà Nẵng;143 Nguyễn Lương Bằng;Liên Chiểu;Hòa Khánh Bắc;16.07626126708267;108.14841448678862;5 tầng;BTCT;;Tốt;;https://congdulieu.vn/cdldnfiles/nhatrubao/ntb_143_nguyenluongbang.jpg
Trường THCS Nguyễn Lương Bằng;27 Nguyễn Lương Bằng;Liên Chiểu;Hòa Khánh Bắc;16.072660138856467;108.14983858351412;3 tầng;BTCT;3;Tốt;2000;https://congdulieu.vn/cdldnfiles/nhatrubao/ntb_27_nguyenluongbang.jpg
Nhà thờ Giáo xứ Hòa Khánh;50 Nguyễn Lương Bằng;Liên Chiểu;Hòa Khánh Bắc;16.073427574473804;108.1501736283883;2 tầng;BTCT;3;Tốt;800;https://congdulieu.vn/cdldnfiles/nhatrubao/ntb_50_nguyenluongbang.jpg
Trường tiểu học Âu Cơ;548 Âu Cơ;Liên Chiểu;Hòa Khánh Bắc;16.078597421902185;108.12267453214008;3 tầng;BTCT;3;Tốt;1500;https://congdulieu.vn/cdldnfiles/nhatrubao/ntb_548_auco.jpg
Trường THCS Ngô Thì Nhậm;14 Mộc Bài 5;Liên Chiểu;Hòa Khánh Nam;16.068601831356112;108.15363688064448;3 tầng;BTCT;3;Tốt;850;https://congdulieu.vn/cdldnfiles/nhatrubao/ntb_14_mocbai5.jpg
Trường tiểu học Phan Phu Tiên;79 Ngô Văn Sở;Liên Chiểu;Hòa Khánh Nam;16.06757259468636;108.14831468587171;3 tầng;BTCT;3;Tốt;800;https://congdulieu.vn/cdldnfiles/nhatrubao/ntb_79_ngovanso.jpg
Trường tiểu học Nguyễn Đức Cảnh;40 Trần Anh Tông;Liên Chiểu;Hòa Minh;16.076444907609904;108.16606294257672;3 tầng;BTCT;3;Tốt;1000;https://congdulieu.vn/cdldnfiles/nhatrubao/ntb_40_trananhtong.jpg
Trường THCS Nguyễn Chơn;89 Hồ Quý Ly;Liên Chiểu;Hòa Minh;16.072653731519587;108.17025350257047;3 tầng;BTCT;3;Tốt;1000;https://congdulieu.vn/cdldnfiles/nhatrubao/ntb_89_hoquyly.jpg
